,Start,End,Period,Start Value,End Value,Total Return [%],Benchmark Return [%],Max Gross Exposure [%],Total Fees Paid,Max Drawdown [%],Max Drawdown Duration,Total Trades,Total Closed Trades,Total Open Trades,Open Trade PnL,Win Rate [%],Best Trade [%],Worst Trade [%],Avg Winning Trade [%],Avg Losing Trade [%],Avg Winning Trade Duration,Avg Losing Trade Duration,Profit Factor,Expectancy,Sharpe Ratio,Calmar Ratio,Omega Ratio,Sortino Ratio
ESCORTS,01-JAN-2016,16-FEB-2022,1518 days 00:00:00,100000,825204.475529869,725.204475529869,990.070505287908,100,30154.0862576529,56.6978155083097,539 days 00:00:00,21,20,1,-1046.81833471381,95,70.2698160512697,-10.2144405238018,13.3130035515851,-10.2144405238018,59 days 18:56:50.526315790,205 days 00:00:00,19.5154029996185,36312.5646932291,-50.9765415008228,1.16593583429588,0.00655361976477569,-18.8271113602515
SRF,01-JAN-2016,16-FEB-2022,1518 days 00:00:00,100000,817269.449611949,717.269449611949,94.9687277333547,100,33635.2028595089,35.9280353307431,290 days 00:00:00,19,18,1,14936.2749535072,100,30.1589221811553,1.24338385283017,12.6447887866039,,71 days 09:20:00,,inf,39018.5097032468,-62.0107980122153,1.82922747983906,0.00262494309582297,-18.9153644859632
BAJFINANCE,01-JAN-2016,16-FEB-2022,1518 days 00:00:00,100000,782173.260776434,682.173260776434,1059.56626585082,100,34194.8237696222,62.5239475868004,244 days 00:00:00,21,20,1,-70585.3025892894,90,48.6759305984289,-12.4591041115685,14.4650533687204,-8.812873465375,55 days 04:00:00,137 days 12:00:00,9.46267601405692,37637.9281682862,-54.0580463458051,1.0232999429211,0.00335619946646849,-18.8567892697067
MPHASIS,01-JAN-2016,16-FEB-2022,1518 days 00:00:00,100000,766406.084792985,666.406084792985,502.185957489678,100,34017.5740850712,49.4502896323443,484 days 00:00:00,18,17,1,-62939.5857542312,94.1176470588235,42.0098117115574,-5.69652730183777,15.1644558382908,-5.69652730183777,50 days 19:30:00,531 days 00:00:00,50.2019781416298,42902.6865027774,-63.0170810464456,1.27764229155415,0.00171930253573921,-18.9211305810899
LTI,21-JUL-2016,16-FEB-2022,1382 days 00:00:00,100000,754080.369233241,654.080369233241,760.507454128441,100,38504.5113316976,36.3788437884379,336 days 00:00:00,19,18,1,-148297.773130728,94.4444444444444,32.5717297264486,-4.05869615834727,14.4620958710244,-4.05869615834727,66 days 09:52:56.470588235,90 days 00:00:00,80.5532341760426,44576.5634646649,-63.9586470763975,1.93805151730542,0.00268374406346967,-18.9267887337925
TITAN,01-JAN-2016,16-FEB-2022,1518 days 00:00:00,100000,699671.06196846,599.67106196846,606.731998295697,100,33143.5856124326,40.302605400068,270 days 00:00:00,21,20,1,-2612.47386230703,100,37.6207367943777,1.32263978920398,10.5667658597903,,64 days 22:48:00,,inf,30114.1767915383,-65.9456848835077,1.47990810852224,0.00361998092273865,-18.937072697393
MUTHOOTFIN,01-JAN-2016,16-FEB-2022,1518 days 00:00:00,100000,630952.107033826,530.952107033826,658.601398601393,100,15745.9517115578,42.5426868554126,313 days 00:00:00,10,9,1,-58503.1099476207,100,98.2549875311721,0.589410948916602,26.5288109606931,,136 days 00:00:00,,inf,65495.0241090496,-53.877220169826,1.30985377012899,0.00572194079709894,-18.8548448881059
HINDALCO,01-JAN-2016,16-FEB-2022,1518 days 00:00:00,100000,625013.994726091,525.013994726091,523.439340400471,100,14080.0078676804,68.5847033595425,800 days 00:00:00,10,9,1,99642.9513137287,88.8888888888889,67.3021600464432,-30.4761129077634,30.09978005994,-30.4761129077634,76 days 21:00:00,697 days 00:00:00,4.55920464677304,47263.4492680402,-51.1038392797752,0.807337989677255,0.00295451254271522,-18.8275278633859
VEDL,01-JAN-2016,16-FEB-2022,1518 days 00:00:00,100000,581577.794333452,481.577794333452,300.545553737043,100,20828.1840127672,82.1903935185185,940 days 00:00:00,14,13,1,55282.6591662451,92.3076923076923,104.140151424324,-62.2603570178802,27.3548284874325,-62.2603570178802,52 days 18:00:00,717 days 00:00:00,2.35935555343009,32791.9334744006,-46.9484682936201,0.641234158703493,0.00446669025757143,-18.7778509324911
NAUKRI,01-JAN-2016,16-FEB-2022,1518 days 00:00:00,100000,555902.50324554,455.90250324554,420.47159090909,100,22890.0571679215,45.0589611149011,216 days 00:00:00,11,10,1,-250956.859812693,100,217.531395187681,0.030742392656639,31.8870181685112,,135 days 04:48:00,,inf,70685.9363058233,-53.9131366510276,1.13305778294694,0.00389905895609313,-18.8547751100962
GODREJPROP,01-JAN-2016,16-FEB-2022,1518 days 00:00:00,100000,536905.896769995,436.905896769995,370.890207715134,100,27942.568760744,52.0876112251882,293 days 00:00:00,18,17,1,-275885.077205802,88.2352941176471,38.073509010507,-20.7247396395408,17.7130569090531,-13.9622259763757,63 days 12:48:00,189 days 12:00:00,7.8490125347169,41928.8808221057,-52.7509492282969,0.956019966422826,0.00440869499058677,-18.8436493640147
NATIONALUM,01-JAN-2016,16-FEB-2022,1518 days 00:00:00,100000,534896.062249709,434.896062249709,200.124223602484,100,14712.7170803336,69.1084088762708,919 days 00:00:00,14,13,1,47830.9812428018,84.6153846153846,69.0426207606422,-51.3814057413717,25.4624315938256,-27.9501769679656,65 days 19:38:10.909090909,317 days 00:00:00,3.24392613518046,29774.2370005313,-47.9082975731136,0.718606827818069,0.0053632995176283,-18.7898063514293
HEG,01-JAN-2016,16-FEB-2022,1518 days 00:00:00,100000,519089.9161322,419.0899161322,667.450871851647,100,39522.4822192843,88.5767798911477,827 days 00:00:00,20,19,1,-233396.233533962,84.2105263157895,47.5168601428798,-58.1893877591597,21.7190634863228,-25.7505410630708,34 days 09:00:00,188 days 16:00:00,2.02046794857414,34341.376298219,-37.8724011510596,0.548521289108362,0.0202155112035711,-18.6130092564493
LTTS,23-SEP-2016,16-FEB-2022,1339 days 00:00:00,100000,514976.099908606,414.976099908606,415.949367088608,100,23100.3978152994,41.7390710269331,320 days 00:00:00,17,16,1,-102410.097720191,87.5,37.5537249102727,-14.6547619170346,16.2211030577375,-9.8060614644779,52 days 12:00:00,222 days 00:00:00,13.4922720099863,32336.6373517998,-56.0107292694459,1.34944348075679,0.00637178292027243,-18.8740645430621
JINDALSTEL,01-JAN-2016,16-FEB-2022,1518 days 00:00:00,100000,497445.758527679,397.445758527679,339.437367303606,100,21847.9138426367,77.5017702799791,717 days 00:00:00,17,16,1,-53999.6372841105,87.5,63.1284178559943,-49.0662294882977,19.9130251914034,-25.763239580333,46 days 18:51:25.714285714,283 days 00:00:00,3.95822527778796,28215.3372382369,-39.4082062798393,0.607371534741846,0.00882176807959239,-18.6506172338906
GRAPHITE,01-JAN-2016,16-FEB-2022,1518 days 00:00:00,100000,485955.828875066,385.955828875066,487.057457922227,100,25998.0785251803,89.5982715238075,869 days 00:00:00,16,15,1,-230862.542581493,86.6666666666667,47.7933417932604,-56.602181579633,28.0866459732561,-43.418145101263,44 days 09:13:50.769230769,274 days 12:00:00,2.42550253124452,41121.2247637706,-42.1287470105884,0.516173910549806,0.0130210867694738,-18.7021261705879
TATACONSUM,01-JAN-2016,16-FEB-2022,1518 days 00:00:00,100000,484889.157744891,384.889157744891,378.82513661202,100,17098.0643405864,44.8196469685342,458 days 00:00:00,13,12,1,-29400.2087321586,91.6666666666667,89.3574394451675,-25.5806582536946,21.0764898265753,-25.5806582536946,85 days 19:38:10.909090909,338 days 00:00:00,7.64051965592595,34524.1138730875,-63.8879955378332,1.03015176658192,0.00190123284162393,-18.9251928688695
PIIND,01-JAN-2016,16-FEB-2022,1518 days 00:00:00,100000,484251.156623145,384.251156623145,291.525295936061,100,9795.87378749593,36.8126368470441,301 days 00:00:00,8,7,1,22102.555264629,100,62.2963691591584,3.8272677680798,25.7216181294223,,179 days 13:42:51.428571430,,inf,51735.514479788,-64.4270902170442,1.25296025190001,0.00222975129551945,-18.9281321794613
BAJAJFINSV,01-JAN-2016,16-FEB-2022,1518 days 00:00:00,100000,482237.754035147,382.237754035147,720.266659945558,100,20057.8450749928,58.5895848598934,362 days 00:00:00,16,15,1,-54793.1108991035,93.3333333333333,51.7998761313785,-6.43412076583185,14.1389869146819,-6.43412076583185,64 days 06:51:25.714285715,395 days 00:00:00,22.1289011180767,29135.3909956167,-60.3754534669352,0.784754745383689,0.00136467637155158,-18.9040843132365
BIOCON,01-JAN-2016,16-FEB-2022,1518 days 00:00:00,100000,466674.260955087,366.674260955087,362.587774835962,100,11646.782559293,38.9751552795031,379 days 00:00:00,10,9,1,-29121.8848808029,100,52.5938318627317,3.69880110748133,20.5357611618839,,115 days 13:20:00,,inf,43977.3495373211,-61.7457416089502,1.15025827783866,0.00314929885350347,-18.9126651997454
RELIANCE,01-JAN-2016,16-FEB-2022,1518 days 00:00:00,100000,459169.549054734,359.169549054734,375.289552474001,100,24163.4376226948,45.0883567812665,239 days 00:00:00,17,16,1,-48140.5060322725,93.75,26.3440287207453,-5.33050414644888,12.0953168178886,-5.33050414644888,82 days 00:00:00,96 days 00:00:00,33.371422139333,25456.8784429379,-73.0355642552713,0.981806044036838,0.00253831030484322,-18.9667677740027
VOLTAS,01-JAN-2016,16-FEB-2022,1518 days 00:00:00,100000,458765.857531207,358.765857531207,279.40485512921,100,15693.3317595216,40.4896678715133,367 days 00:00:00,12,11,1,-6046.10103902413,90.9090909090909,39.8742216154396,-3.65771563961786,17.6710270438361,-3.65771563961786,122 days 14:24:00,135 days 00:00:00,43.5719298132948,33164.7235063847,-66.5951668480847,1.0925630067262,0.000704549322274953,-18.9391919383715
JUBLFOOD,01-JAN-2016,16-FEB-2022,1518 days 00:00:00,100000,457063.399579214,357.063399579214,312.224691856941,100,23450.4507417768,41.0630920035426,359 days 00:00:00,19,18,1,-138593.320798848,88.8888888888889,40.409220121713,-13.9610622942084,13.4041673213047,-7.4711127940425,61 days 09:00:00,165 days 12:00:00,34.3711523620052,27536.4844654479,-55.9860074659811,1.07416727622566,0.00253688056204781,-18.872580010816
BALKRISIND,01-JAN-2016,16-FEB-2022,1518 days 00:00:00,100000,448062.976084766,348.062976084766,516.144215092136,100,26468.318510291,53.3129000293133,513 days 00:00:00,18,17,1,-149122.624727665,88.2352941176471,33.9776726599177,-25.0219020783733,16.3347415771813,-19.1234453818351,62 days 17:36:00,186 days 12:00:00,5.02506947059963,29246.211812496,-59.9382381218082,0.814458267877313,0.00300018249047614,-18.9016926112838
COROMANDEL,01-JAN-2016,16-FEB-2022,1518 days 00:00:00,100000,413196.246908767,313.196246908767,321.795209265598,100,18830.7077529403,40.655822806714,593 days 00:00:00,15,14,1,-19068.9204114504,92.8571428571429,33.3295097800619,-20.1832324938238,14.1892100183498,-20.1832324938238,63 days 00:00:00,443 days 00:00:00,5.91468693999666,23733.2262371584,-66.8536890592778,0.999966739936336,0.00025475534361633,-18.9402770387125
VBL,08-NOV-2016,16-FEB-2022,1309 days 00:00:00,100000,411410.775761696,311.410775761696,206.54849345477,100,11449.6485889419,37.2131633560628,200 days 00:00:00,11,10,1,2497.55349498166,90,29.2273569154485,-0.40973437417092,17.311909864696,-0.40973437417092,116 days 05:20:00,84 days 00:00:00,756.820172395877,30891.3222266714,-62.0859004011521,1.29923786303044,0.0015342737157458,-18.9149329834527
OBEROIRLTY,01-JAN-2016,16-FEB-2022,1518 days 00:00:00,100000,394915.34684516,294.91534684516,232.194674012855,100,9025.18492115862,53.0420841683367,473 days 00:00:00,8,7,1,5790.53060308879,85.7142857142857,62.7517505798497,-8.97177055411393,29.1180822692677,-8.97177055411393,163 days 20:00:00,404 days 00:00:00,14.4535612852591,41303.5451774388,-50.0072230488697,0.73776072095967,0.00685210027712672,-18.8144571910879
CHOLAFIN,01-JAN-2016,16-FEB-2022,1518 days 00:00:00,100000,377457.276396889,277.457276396889,424.26614481409,100,10337.3359418264,64.3659711075441,436 days 00:00:00,12,11,1,84174.9529134827,90.9090909090909,50.7884839605855,-20.7644459293754,14.7509011935952,-20.7644459293754,94 days 21:36:00,214 days 00:00:00,5.08661792026013,17571.1203166733,-47.9382712820159,0.584594052758189,0.00562920809151055,-18.7891384385714
ICICIBANK,01-JAN-2016,16-FEB-2022,1518 days 00:00:00,100000,375319.044333,275.319044333,219.565853862561,100,8895.2262450498,48.3072442664725,262 days 00:00:00,7,6,1,-29500.4674069745,83.3333333333333,91.6870324189526,-6.55452041406049,38.3609058789533,-6.55452041406049,265 days 09:36:00,135 days 00:00:00,29.2238501744971,50803.2519566624,-59.1148764539293,0.775041034839484,0.00340997086148284,-18.8950562095962
BATAINDIA,01-JAN-2016,16-FEB-2022,1518 days 00:00:00,100000,370528.071622134,270.528071622134,271.597518417991,100,17043.6664893711,43.3255019222554,414 days 00:00:00,13,12,1,-34630.5688191743,83.3333333333333,48.695462521989,-13.8348613536128,18.5750010821632,-9.75286295667065,97 days 07:12:00,196 days 00:00:00,5.56027678812521,25429.8867034424,-72.4626833207984,0.854374094424211,0.000503457514288549,-18.9643001632578
MINDTREE,01-JAN-2016,16-FEB-2022,1518 days 00:00:00,100000,369472.497641206,269.472497641206,440.005827101573,100,22696.7374499581,42.5448599337321,496 days 00:00:00,22,21,1,-45262.1769980231,90.4761904761905,23.1279376273889,-18.8501619914453,9.36630210385555,-11.483629781136,29 days 08:50:31.578947368,311 days 12:00:00,10.1789700582012,14987.3654590109,-63.748669396587,0.867842299640593,0.00249183059563077,-18.9240285862227
BAJAJHLDNG,01-JAN-2016,16-FEB-2022,1518 days 00:00:00,100000,363494.168357013,263.494168357013,216.928030528891,100,18663.0976693301,60.9221747035776,371 days 00:00:00,18,17,1,33665.5772076414,88.2352941176471,25.2432311793671,-35.8401469647026,11.8603904629997,-18.3982170346771,77 days 12:48:00,86 days 12:00:00,3.22652311651457,13519.3288911395,-70.2430690712548,0.597257270345881,0.00132337342079441,-18.9553766146539
DLF,01-JAN-2016,16-FEB-2022,1518 days 00:00:00,100000,361542.405541139,261.542405541139,202.632661456192,100,15966.9512879829,56.5917533656129,755 days 00:00:00,14,13,1,-49025.5313539832,76.9230769230769,71.8309739154569,-19.2611916096994,19.9298587550036,-8.49575630732248,68 days 14:24:00,222 days 08:00:00,5.63815677815974,23889.8412996248,-45.6861984841903,0.639841759617597,0.00461497486979383,-18.7582062496046
PAGEIND,01-JAN-2016,16-FEB-2022,1518 days 00:00:00,100000,354799.339302574,254.799339302574,205.479502751596,100,17384.7477913055,50.848831485337,767 days 00:00:00,16,15,1,31644.1986613079,93.3333333333333,36.7398280082021,-36.4554659389575,12.7029888816832,-36.4554659389575,79 days 12:00:00,258 days 00:00:00,3.03082973715663,14877.0093760844,-62.6812655576638,0.70000728278596,0.00129690182552197,-18.9177383222429
HAVELLS,01-JAN-2016,16-FEB-2022,1518 days 00:00:00,100000,348363.465619219,248.363465619219,276.118472330475,100,18344.7854768322,42.1764853977845,343 days 00:00:00,15,14,1,-63863.1108629124,92.8571428571429,48.3254129678582,-8.08001962006747,12.967718796,-8.08001962006747,63 days 11:04:36.923076923,489 days 00:00:00,16.6335866991537,22301.8983201523,-69.4116550181517,0.829823177500332,0.0013429361647645,-18.9517518553488
NESTLEIND,01-JAN-2016,16-FEB-2022,1518 days 00:00:00,100000,346911.186222419,246.911186222419,215.00998245508,100,7293.18652541176,22.8798841826506,276 days 00:00:00,8,7,1,-31506.2332787656,100,61.768471007646,4.4770483802453,22.1869386615318,,193 days 10:17:08.571428570,,inf,39773.9170715978,-88.9514096534327,1.52376156279441,0.000647726986783747,-19.0111274583963
PIDILITIND,01-JAN-2016,16-FEB-2022,1518 days 00:00:00,100000,345358.352972885,245.358352972885,336.129612961296,100,6816.12124035893,28.4659508751287,193 days 00:00:00,7,6,1,-41535.0373482051,83.3333333333333,60.5860332209618,-2.77832705527032,33.2691498653915,-2.77832705527032,250 days 04:48:00,157 days 00:00:00,97.0023835679867,47815.565053515,-83.5054957468562,1.21963566840327,0.000171073028406439,-18.9986148424086
BERGEPAINT,01-JAN-2016,16-FEB-2022,1518 days 00:00:00,100000,345291.216777103,245.291216777103,287.950903146272,100,11913.2427369777,32.8802830013033,232 days 00:00:00,10,9,1,-37447.0134415925,100,57.5756608069878,0.497635524545421,17.2734440136005,,135 days 08:00:00,,inf,31415.3589131884,-73.2696504066682,1.05570233549638,0.000931812042845627,-18.9672416736847
PRESTIGE,01-JAN-2016,16-FEB-2022,1518 days 00:00:00,100000,337477.573595618,237.477573595618,127.489733059548,100,10046.8602455386,65.5203272820251,462 days 00:00:00,10,9,1,10173.5054828255,88.8888888888889,64.9849941345233,-37.8247538883464,24.5796655788772,-37.8247538883464,151 days 00:00:00,100 days 00:00:00,3.23295206122116,25256.0075680881,-44.927485048392,0.518502033363849,0.00604272448690848,-18.7464609426649
SYNGENE,01-JAN-2016,16-FEB-2022,1518 days 00:00:00,100000,335305.711445306,235.305711445306,173.545606894902,100,12695.0461347987,36.7419400653316,335 days 00:00:00,13,12,1,-34946.4634117024,100,37.9409566233116,3.51275846302199,11.9480284168606,,110 days 10:00:00,,inf,22521.0145714173,-69.7170080741887,0.918966242417463,0.00146383813657882,-18.9530097160303
ASIANPAINT,01-JAN-2016,16-FEB-2022,1518 days 00:00:00,100000,332430.012531818,232.430012531818,270.167852062588,100,13694.2802924055,28.8550057537399,226 days 00:00:00,14,13,1,-8104.02942129044,100,22.5317891705503,0.994804506709854,10.0665117829224,,100 days 09:13:50.769230769,,inf,18502.6186117776,-83.6223671241775,1.16055616539394,0.000390664284317237,-18.9988670387189
DIVISLAB,01-JAN-2016,16-FEB-2022,1518 days 00:00:00,100000,323567.299303916,223.567299303916,284.098924731184,100,6696.58728389211,59.4421718110822,495 days 00:00:00,10,9,1,33322.9311375346,88.8888888888889,62.3030589112439,-45.4422028044213,24.2520987928525,-45.4422028044213,128 days 12:00:00,214 days 00:00:00,4.41232512386075,21138.2631295979,-64.4561105701924,0.54882478846733,0.00230416333106653,-18.9275918195269
GMRINFRA,01-JAN-2016,16-FEB-2022,1518 days 00:00:00,100000,321863.454406011,221.863454406011,147.112462006079,100,9906.1965389742,40.3313122320292,516 days 00:00:00,10,9,1,-10364.6440885363,77.7777777777778,76.5927369077307,-8.54163877716633,22.8278423117563,-6.03028547509897,132 days 13:42:51.428571430,222 days 00:00:00,12.0167184482409,25803.1220549497,-48.2250728909158,0.804711702923728,0.00514549046215962,-18.7922344767657
HDFCBANK,01-JAN-2016,16-FEB-2022,1518 days 00:00:00,100000,307304.102878891,207.304102878891,178.438576349024,100,4556.94085738216,41.0549754299754,219 days 00:00:00,5,4,1,30440.9995657523,100,52.5057354052105,15.1684471078552,29.9759132325315,,295 days 00:00:00,,inf,44215.7758282846,-89.0815167879472,0.754817083848757,0.000903154687018764,-19.011285500171
JSWSTEEL,01-JAN-2016,16-FEB-2022,1518 days 00:00:00,100000,301776.738090049,201.77673809005,521.226874391432,100,13052.8211127661,66.2630380050354,625 days 00:00:00,13,12,1,-47265.350726007,91.6666666666667,55.1728611164397,-42.076460845021,19.0615332228066,-42.076460845021,67 days 04:21:49.090909091,467 days 00:00:00,2.78271944719218,20753.507401338,-60.3627742028374,0.45905800791612,0.00132569446765565,-18.9030444539987
MANAPPURAM,01-JAN-2016,16-FEB-2022,1518 days 00:00:00,100000,294162.948567587,194.162948567587,324.789207419897,100,20649.3610518103,58.5231736056559,289 days 00:00:00,15,14,1,-164958.319536611,85.7142857142857,43.6875991838586,-4.37051216860233,14.4570525122213,-2.26785618781596,79 days 18:00:00,169 days 00:00:00,17.8191703982245,25651.5191502999,-47.3228980436155,0.506119212536329,0.00567063049916239,-18.7817307240105
HINDZINC,01-JAN-2016,16-FEB-2022,1518 days 00:00:00,100000,291818.738994917,191.818738994917,112.872946697956,100,8784.38559697655,62.2178754137827,746 days 00:00:00,10,10,0,0,90,34.5615949832846,-37.5534334508229,19.0753610726069,-37.5534334508229,62 days 00:00:00,835 days 00:00:00,3.38595381468451,19181.8738994917,-65.7301394496681,0.472060100122844,0.00163035403672383,-18.9340921321406
VGUARD,01-JAN-2016,16-FEB-2022,1518 days 00:00:00,100000,291460.378156665,191.460378156665,218.662496276436,100,24607.1695743794,40.0714250602349,689 days 00:00:00,23,22,1,-64095.5675547097,90.9090909090909,22.7170538959612,-19.8898486993429,8.35632236607458,-14.2600599675613,40 days 00:00:00,215 days 00:00:00,4.26203090501788,11616.179350517,-67.7934907887464,0.732001883413643,0.00204069710890064,-18.9447043030175
APOLLOHOSP,01-JAN-2016,16-FEB-2022,1518 days 00:00:00,100000,289048.542338649,189.048542338649,213.855421686746,100,13518.9090878882,39.5318487254956,742 days 00:00:00,14,13,1,-63933.2542117763,84.6153846153846,37.4501929598279,-13.1046122948815,15.107819142496,-9.90880018333004,85 days 02:10:54.545454546,182 days 12:00:00,14.3903452116795,19460.1381961865,-63.6818284540389,0.735463007401041,0.00328552179517847,-18.9231058535017
IGL,01-JAN-2016,16-FEB-2022,1518 days 00:00:00,100000,288830.508602082,188.830508602082,267.01774361894,100,18196.1981850793,41.614014933946,349 days 00:00:00,15,14,1,-151687.293205306,92.8571428571429,36.002233316086,-12.123850356284,13.5998177702781,-12.123850356284,84 days 12:55:23.076923076,194 days 00:00:00,8.75400729168871,24322.7001290991,-71.257463694113,0.698101229536778,0.000357435489072812,-18.9592024793818
SBIN,01-JAN-2016,16-FEB-2022,1518 days 00:00:00,100000,288686.338929744,188.686338929744,126.821773485514,100,16493.2292180144,59.0215346723013,385 days 00:00:00,18,17,1,33705.2122247848,82.3529411764706,76.3810039962736,-34.9672057241714,12.0717636894158,-14.3242122400801,60 days 17:08:34.285714286,163 days 16:00:00,2.74884862182172,9116.53686499757,-57.8869211325224,0.491944230173107,0.00417341232648969,-18.8896322962726
ADANITRANS,30-OCT-2018,16-FEB-2022,651 days 00:00:00,100000,287643.564367574,187.643564367574,1088.53013530135,100,7649.9383747567,54.0586008691995,253 days 00:00:00,10,10,0,0,90,24.6688711053956,-31.0980589357552,17.3763225932755,-31.0980589357552,42 days 00:00:00,128 days 00:00:00,5.57482800294761,18764.3564367574,-49.0472879244003,1.49521582863517,0.00611454674405319,-18.8065049564068
TCS,01-JAN-2016,16-FEB-2022,1518 days 00:00:00,100000,283556.94023326,183.55694023326,215.601721569276,100,10666.0782201503,28.1656752782107,303 days 00:00:00,12,11,1,-1628.81821343134,100,24.4452047677285,1.30730784122159,10.2063006917615,,123 days 04:21:49.090909092,,inf,16835.0689496992,-85.1482558211226,1.01116933875207,0.000309622510793756,-19.0024340109508
TATASTEEL,01-JAN-2016,16-FEB-2022,1518 days 00:00:00,100000,282141.913904119,182.141913904119,363.014763014766,100,8300.84497421589,67.613273771538,822 days 00:00:00,9,8,1,-52660.6814896035,87.5,126.323718845124,-41.602130546807,32.7846040551814,-41.602130546807,78 days 13:42:51.428571428,714 days 00:00:00,3.41519975426035,29350.3244242153,-57.0328571037926,0.418938605811236,0.00143310570096016,-18.8791456846791
HINDUNILVR,01-JAN-2016,16-FEB-2022,1518 days 00:00:00,100000,269957.032144131,169.957032144131,166.942968886813,100,10727.735502522,20.7694317702157,294 days 00:00:00,10,9,1,-57837.9860963076,100,42.8798157999258,1.27863708037844,14.891057545768,,151 days 05:20:00,,inf,25310.557582271,-93.6206206540305,1.29858236056036,0.00132981905075026,-19.0199644513854
BRITANNIA,01-JAN-2016,16-FEB-2022,1518 days 00:00:00,100000,265776.006941981,165.776006941981,131.851058130191,100,9292.16071314134,37.3266461306994,431 days 00:00:00,9,8,1,-47576.5448658897,87.5,44.3041308320763,-0.599769846914007,18.4644443385264,-0.599769846914007,156 days 20:34:17.142857144,271 days 00:00:00,122.165609393957,26669.0689759838,-83.890248777214,0.709819255671315,0.00125969981356868,-18.9992976703648
ADANIPORTS,01-JAN-2016,16-FEB-2022,1518 days 00:00:00,100000,259900.037161125,159.900037161125,176.864137544384,100,7541.8693515856,53.6935933147632,725 days 00:00:00,8,7,1,-40741.3539753125,100,31.3578513222682,6.92477818436599,17.271603615308,,184 days 00:00:00,,inf,28663.055876634,-58.1173201382143,0.480820930870584,0.00204654943179584,-18.8871483036185
UPL,01-JAN-2016,16-FEB-2022,1518 days 00:00:00,100000,258400.34133487,158.40034133487,150.638689239363,100,7800.83219667284,63.5426362139329,459 days 00:00:00,8,7,1,-32652.4209656447,71.4285714285714,37.2647637013503,-12.8640788758764,27.8426719880074,-6.79470054628573,190 days 19:12:00,243 days 00:00:00,7.38694357111989,27293.2517572163,-58.3141428899011,0.403540931936761,0.00266744493281167,-18.8886269912359
INFY,01-JAN-2016,16-FEB-2022,1518 days 00:00:00,100000,257431.761825257,157.431761825257,213.65133364699,100,4514.33294703115,37.3385704933643,520 days 00:00:00,6,5,1,24519.1013734317,80,54.2252905548133,-3.54844844962028,25.7712187476212,-3.54844844962028,205 days 00:00:00,455 days 00:00:00,38.5501980639493,26582.5320903651,-79.0120893098216,0.683707307061998,0.000901316340025455,-18.9859644139267
WIPRO,01-JAN-2016,16-FEB-2022,1518 days 00:00:00,100000,255967.099140346,155.967099140346,170.235299755596,100,9519.44032691804,45.7295671068026,322 days 00:00:00,13,12,1,-51622.5875766408,83.3333333333333,55.107141364466,-8.97059776137368,14.1449595431647,-6.05428302600989,62 days 07:12:00,329 days 00:00:00,14.8754161944681,17299.1405597489,-83.4961992212188,0.55448926024777,0.0013600903503531,-18.9983055586717
BBTC,01-JAN-2016,16-FEB-2022,1518 days 00:00:00,100000,252532.20702945,152.53220702945,106.77828513445,100,20805.9302202535,69.168923873896,855 days 00:00:00,17,16,1,-67335.0092163669,81.25,29.4975269163172,-37.9931646430459,15.7189495415862,-19.8000313298559,48 days 05:32:18.461538462,203 days 16:00:00,1.97546492427096,13741.7010153636,-50.9190441659014,0.360711063120762,0.00830390585718633,-18.8236075489039
PGHH,01-JAN-2016,16-FEB-2022,1518 days 00:00:00,100000,251718.604810232,151.718604810232,178.210859768885,100,8963.18053466027,27.8229902268267,317 days 00:00:00,11,10,1,38977.6231086033,90,23.4606691980906,-7.41723011851993,9.9488474173356,-7.41723011851993,112 days 00:00:00,188 days 00:00:00,8.97095316242665,11274.0981701629,-103.782648901114,0.893257060330316,0.000555935796392662,-19.0356426217842
HCLTECH,01-JAN-2016,16-FEB-2022,1518 days 00:00:00,100000,250833.136333202,150.833136333202,176.121343957627,100,12373.5617854466,34.7221105123462,228 days 00:00:00,13,12,1,-32113.8460165773,91.6666666666667,34.6694984724315,-4.15665041661636,10.7291023566434,-4.15665041661636,118 days 04:21:49.090909092,75 days 00:00:00,45.1231115016283,15245.5818624816,-79.0778395191916,0.712725616691343,0.00101779105140347,-18.9861266853731
WHIRLPOOL,01-JAN-2016,16-FEB-2022,1518 days 00:00:00,100000,250665.941340255,150.665941340255,165.379586185679,100,16055.4952230165,34.1002984838601,265 days 00:00:00,13,12,1,-106478.686068727,91.6666666666667,43.3549416107533,-8.4942246916817,14.0630446070803,-8.4942246916817,113 days 21:49:05.454545454,107 days 00:00:00,9.67577298119505,21428.7189507485,-66.8273169232846,0.725135558220326,0.00151711062884696,-18.9393165705278
TECHM,01-JAN-2016,16-FEB-2022,1518 days 00:00:00,100000,247372.077750841,147.372077750841,177.665609076052,100,6530.4371676879,42.0620763467713,402 days 00:00:00,9,8,1,3031.35808460612,87.5,54.6257366345123,-15.8887702807194,17.5557167173672,-15.8887702807194,139 days 13:42:51.428571430,357 days 00:00:00,6.58878416609575,18042.5899582793,-69.7226269619896,0.578460962714743,0.000684399047017798,-18.9525756054472
ADANIPOWER,01-JAN-2016,16-FEB-2022,1445 days 00:00:00,100000,247142.048588158,147.142048588158,272.79411764706,100,8650.64919368401,67.6027062933968,634 days 00:00:00,13,12,1,32075.9455845128,75,40.7930174563591,-42.8055399211469,21.0695423271769,-24.4288903592102,77 days 08:00:00,200 days 08:00:00,2.03667675948077,9588.84191697047,-40.2491976778926,0.379824696597407,0.0141971488362488,-18.6649246631536
TATAPOWER,01-JAN-2016,16-FEB-2022,1518 days 00:00:00,100000,247026.870619763,147.026870619763,235.532994923855,100,7733.64234700847,72.7268974155963,845 days 00:00:00,12,11,1,17810.9897333331,90.9090909090909,38.4049875311721,-57.8484577336778,18.7951842734232,-57.8484577336778,75 days 14:24:00,590 days 00:00:00,2.36321160767351,11746.8982624027,-60.7772776259507,0.333982738630321,0.00185142629229236,-18.9053299044411
CROMPTON,27-MAY-2016,16-FEB-2022,1420 days 00:00:00,100000,241210.661755647,141.210661755647,200.830502076254,100,7692.61280901276,35.0231998625193,509 days 00:00:00,10,9,1,-9603.5239129563,100,26.6105380388268,2.03169673348477,10.956863120327,,119 days 08:00:00,,inf,16757.131740956,-66.4236853301962,0.725188396998508,0.000391491253222721,-18.9373747487834
SHREECEM,01-JAN-2016,16-FEB-2022,1518 days 00:00:00,100000,239968.049200865,139.968049200865,118.880314137506,100,8853.04725719029,36.8968563969503,483 days 00:00:00,9,8,1,-56827.48432521,75,65.6970269399099,-5.71628985014559,22.8558717052903,-3.10171592574237,151 days 12:00:00,228 days 00:00:00,17.2581806143777,24599.4416907594,-70.7751498929975,0.63490857440458,0.000267885887906434,-18.9569615747798
KOTAKBANK,01-JAN-2016,16-FEB-2022,1518 days 00:00:00,100000,239180.774650612,139.180774650612,151.639738741836,100,11335.4611900756,36.4989881468633,457 days 00:00:00,11,10,1,-48247.1852142338,100,24.3018981202229,0.924509522070031,11.4418054218295,,139 days 00:00:00,,inf,18742.7959864846,-75.7823867346611,0.639158660374143,0.00120893843868158,-18.9756360388861
CUB,01-JAN-2016,16-FEB-2022,1518 days 00:00:00,100000,238557.279650554,138.557279650554,72.3415400733371,100,12540.7250753021,53.3851503374923,519 days 00:00:00,12,11,1,-94471.478901223,81.8181818181818,34.9171924355777,-20.869173208009,18.2858889838959,-11.3142011708108,74 days 21:20:00,244 days 00:00:00,4.30501741748647,21184.432595616,-66.050796064191,0.435538073657344,0.00124915472572282,-18.9353830261423
GODREJCP,01-JAN-2016,16-FEB-2022,1518 days 00:00:00,100000,237037.852080504,137.037852080504,85.5929361797257,100,9344.13174326754,55.164755707055,685 days 00:00:00,9,8,1,-82316.4314569697,87.5,50.2045747574041,-18.1566524704463,22.214645456813,-18.1566524704463,126 days 17:08:34.285714286,482 days 00:00:00,5.97362302380154,27419.2854421842,-69.384006475066,0.418057714010198,0.00168600438948545,-18.952116155899
JSWENERGY,01-JAN-2016,28-JUL-2021,1379 days 00:00:00,100000,236448.94916004,136.44894916004,192.498557414888,100,5395.07342017866,58.8806922722555,798 days 00:00:00,7,7,0,0,71.4285714285714,108.206424900809,-25.1237032334761,33.2031674551689,-17.9457814979174,55 days 09:36:00,511 days 12:00:00,4.23891083680083,19492.7070228629,-53.7239636362035,0.434447821715962,0.00421977348474454,-18.8509785693271
HEXAWARE,01-JAN-2016,30-OCT-2020,1196 days 00:00:00,100000,236404.876257137,136.404876257137,94.1443298969073,100,8360.80396272955,57.6061999269218,571 days 00:00:00,10,9,1,633.231651126553,88.8888888888889,32.2446722745376,-8.35933061033226,12.9016225787163,-8.35933061033226,108 days 18:00:00,259 days 00:00:00,9.04255233513404,15085.7382895568,-55.3482437619442,0.521248064318336,0.00474125990996988,-18.8665491465334
GRASIM,01-JAN-2016,16-FEB-2022,1518 days 00:00:00,100000,236027.502462672,136.027502462672,128.42545285648,100,8115.54913147987,69.3346938100323,954 days 00:00:00,11,10,1,45921.2023725569,70,33.8878514120955,-28.1117524092943,16.7496539732475,-12.4001831335217,39 days 20:34:17.142857142,319 days 16:00:00,2.3127211580066,9010.63000901152,-63.2891990878464,0.330797199728806,0.00157120316457807,-18.9205129119228
ULTRACEMCO,01-JAN-2016,16-FEB-2022,1518 days 00:00:00,100000,233625.39308275,133.62539308275,154.210339943343,100,5410.7030846452,37.6560870059181,365 days 00:00:00,7,6,1,-31517.727108513,100,38.1579586418282,0.374117146358846,18.7191601948107,,230 days 08:00:00,,inf,27523.8533652105,-75.3988390560846,0.601063969295754,0.00103197069206525,-18.9743024670792
DABUR,01-JAN-2016,16-FEB-2022,1518 days 00:00:00,100000,233506.482302887,133.506482302887,103.274240231548,100,4116.20139035709,24.8113233168309,288 days 00:00:00,6,5,1,33937.3062963483,100,23.1054104738155,7.71413656519526,15.0284106353926,,125 days 04:48:00,,inf,19913.8352013077,-89.8619402429411,0.911628356542996,0.000433623320742482,-19.012634947891
TORNTPHARM,01-JAN-2016,16-FEB-2022,1518 days 00:00:00,100000,230177.111710521,130.177111710521,77.6286429102711,100,8291.82345577368,29.2286129788016,492 days 00:00:00,10,9,1,-27631.9912196586,88.8888888888889,36.4476979840993,-4.66668414560917,13.711259920636,-4.66668414560917,142 days 15:00:00,148 days 00:00:00,25.8617219489824,17534.34477002,-72.1328118288224,0.759393932646936,0.00124592956152056,-18.9623456872949
ALKEM,01-JAN-2016,16-FEB-2022,1518 days 00:00:00,100000,227767.583249284,127.767583249284,123.817443949172,100,7752.99882878312,28.171802375624,511 days 00:00:00,10,9,1,-30558.3420360314,88.8888888888889,35.3437810737873,-1.03583928946978,13.2089368971568,-1.03583928946978,154 days 18:00:00,87 days 00:00:00,108.675171006014,17591.7694761462,-81.7707679837407,0.776919694145948,0.00102036084598134,-18.9936336484138
INDIGO,01-JAN-2016,16-FEB-2022,1518 days 00:00:00,100000,227605.380066094,127.605380066094,61.5951468234773,100,10095.5453392341,54.6503320720768,486 days 00:00:00,14,13,1,-18108.6817013886,76.9230769230769,29.0799537658687,-20.1012649700266,14.6326670783872,-13.4107584144844,59 days 04:48:00,253 days 08:00:00,3.48772239353105,11208.7739821141,-54.594237531241,0.400113785975907,0.00274502384591265,-18.858481625189
BHARTIARTL,01-JAN-2016,16-FEB-2022,1518 days 00:00:00,100000,226029.878625865,126.029878625865,111.982378854626,100,9324.77312633817,47.4445160696197,527 days 00:00:00,12,11,1,-2122.91500065636,90.9090909090909,18.1438169247106,-2.08776887614733,8.93611679161801,-2.08776887614733,82 days 07:12:00,542 days 00:00:00,38.4427290603828,11650.2539660474,-63.7122825225872,0.456596114196795,0.00207416148169301,-18.9228218700287
LT,01-JAN-2016,16-FEB-2022,1518 days 00:00:00,100000,225168.961112799,125.168961112799,116.493885766809,100,6840.68356693986,55.1408383764773,545 days 00:00:00,9,8,1,36763.1037921494,87.5,37.0767190381349,-32.7836490953739,16.4928960468286,-32.7836490953739,132 days 20:34:17.142857144,361 days 00:00:00,2.32433273375706,11050.7321650812,-75.8947909931071,0.390842752395838,0.00154311817386775,-18.9759350310571
ENDURANCE,19-OCT-2016,16-FEB-2022,1323 days 00:00:00,100000,222882.474220008,122.882474220008,118.457257690524,100,11550.3946655922,61.188376148628,774 days 00:00:00,13,12,1,-49737.0000294424,83.3333333333333,45.3728089832077,-30.122583104384,17.6912187746232,-25.0032931527555,73 days 16:48:00,219 days 12:00:00,2.59511114799668,14384.9561874542,-61.8156810451614,0.404439117891896,0.00168412844273207,-18.9119100709109
RAMCOCEM,01-JAN-2016,16-FEB-2022,1518 days 00:00:00,100000,216311.124945733,116.311124945734,120.972293483838,100,7120.37208178934,47.7533583537032,643 days 00:00:00,9,8,1,-28037.8999331084,87.5,24.9336676366102,-9.53175515735863,15.43628879942,-9.53175515735863,128 days 03:25:42.857142856,291 days 00:00:00,8.51453148270473,18043.6281098552,-70.4997898910587,0.426861522728683,0.00062191579749612,-18.9556652073659
MARUTI,01-JAN-2016,16-FEB-2022,1518 days 00:00:00,100000,213182.31895364,113.18231895364,85.0371887463628,100,5142.84226829152,59.2014197885573,882 days 00:00:00,7,6,1,20742.2554464522,83.3333333333333,57.7502464867212,-19.8194245911464,20.6487688439091,-19.8194245911464,92 days 04:48:00,726 days 00:00:00,2.94937269094638,15406.677251198,-68.9906876272178,0.337205835172626,0.0021218648660621,-18.94913809763
SIEMENS,01-JAN-2016,16-FEB-2022,1518 days 00:00:00,100000,211681.764916606,111.681764916606,99.085353178399,100,3914.8817117475,41.2157085862577,859 days 00:00:00,6,5,1,13832.0840837247,60,58.5329826730477,-20.6024579941041,43.7051775236744,-17.6710511790449,205 days 00:00:00,366 days 12:00:00,2.89071060096728,19569.9361665762,-73.4028013384729,0.479416361589115,0.000695482643395957,-18.967059156909
NATCOPHARM,01-JAN-2016,16-FEB-2022,1518 days 00:00:00,100000,209988.932674276,109.988932674276,52.8886190145735,100,9297.00370377393,54.0957055535073,864 days 00:00:00,11,10,1,-41702.6865559866,80,36.6879021676578,-41.1532886136022,21.4525772650718,-24.4482435814774,90 days 15:00:00,270 days 12:00:00,2.48052581295303,15169.1619230263,-63.9177398610974,0.360999073210884,0.00309479439730584,-18.9243696413573
MFSL,26-FEB-2016,16-FEB-2022,1479 days 00:00:00,100000,208438.403673269,108.438403673269,158.972791195354,100,8277.56553518362,57.4213859687834,895 days 00:00:00,10,9,1,-38223.9969767812,88.8888888888889,59.8046771382528,-21.4259504093028,16.6652818924141,-21.4259504093028,72 days 12:00:00,642 days 00:00:00,5.24705530931448,16295.82229445,-51.4068930649944,0.346083942536425,0.00530678539954289,-18.8284398651671
JUBILANT,01-JAN-2016,03-FEB-2021,1261 days 00:00:00,100000,204241.280176051,104.241280176051,144.744063954182,100,8274.51883835168,77.4234560834399,739 days 00:00:00,11,10,1,14848.6329380718,60,51.1768549068627,-41.2694957515594,24.5408551929889,-13.176606552895,67 days 08:00:00,190 days 12:00:00,1.84236951595202,8939.26472379789,-47.4649965125374,0.296580437519255,0.00570804269518795,-18.7815025202289
GSPL,01-JAN-2016,16-FEB-2022,1518 days 00:00:00,100000,203679.735991838,103.679735991838,105.344585091422,100,8432.87519942913,41.3269279029744,417 days 00:00:00,11,10,1,-29446.2503804478,80,23.5405641087071,-11.4081979788302,13.1231689084082,-5.90176962751254,71 days 06:00:00,343 days 12:00:00,7.26452717480126,13312.5986372286,-68.3453129095557,0.451399471889243,0.000355369084711012,-18.9461529535617
TVSMOTOR,01-JAN-2016,16-FEB-2022,1518 days 00:00:00,100000,200825.822819111,100.825822819111,132.025117739404,100,8077.18050346512,66.3594021566364,1030 days 00:00:00,10,9,1,-20411.6475346967,66.6666666666667,53.7761769034051,-13.8998016413415,20.4885311710158,-8.34728579728533,69 days 16:00:00,314 days 00:00:00,3.7975287245553,13470.830039312,-64.6465503008058,0.275063478685194,0.00171448098826399,-18.9277519194658
FEDERALBNK,01-JAN-2016,16-FEB-2022,1518 days 00:00:00,100000,199556.663562281,99.5566635622814,74.8902546093067,100,7238.90719406365,69.8397136471253,1073 days 00:00:00,9,8,1,1618.66425567196,75,28.342032861855,-18.1634121782669,16.3737569381126,-9.45682630429062,166 days 16:00:00,225 days 12:00:00,3.37864983127596,12242.2499133262,-53.5321861452562,0.258777157792498,0.00330288248464198,-18.8489739845518
HDFC,01-JAN-2016,16-FEB-2022,1518 days 00:00:00,100000,199473.751165792,99.4737511657919,87.8382136755527,100,6199.57477359452,39.8326846687798,239 days 00:00:00,8,7,1,-27038.7788335395,100,26.5527047439186,1.73658152959919,12.7619944286431,,172 days 13:42:51.428571430,,inf,18073.2185713331,-72.2413894048883,0.453424748095588,0.00119142054289372,-18.9625659932698
MARICO,01-JAN-2016,16-FEB-2022,1518 days 00:00:00,100000,194506.467051653,94.5064670516534,120.206911732336,100,1804.02014168882,39.4122840206836,299 days 00:00:00,3,2,1,11297.5010050068,100,43.5568757940056,27.7871017841086,35.6719887890571,,634 days 12:00:00,,inf,41604.4830233233,-88.1279114377927,0.440152999084548,0.000311563192588028,-19.0088226351887
STRTECH,29-JUN-2016,28-OCT-2020,1073 days 00:00:00,100000,192080.710490028,92.0807104900278,72.5199543899665,100,11471.0717920105,84.5834857909501,681 days 00:00:00,11,10,1,26214.87512255,90,46.1730452704124,-63.1716809779674,19.0345680358551,-63.1716809779674,30 days 10:40:00,606 days 00:00:00,1.25981773607359,6586.5835367478,-42.5438711066846,0.293940375802234,0.0114993856996687,-18.7063877857433
ICICIGI,27-SEP-2017,16-FEB-2022,1088 days 00:00:00,100000,188985.69759787,88.9856975978698,88.9459776864356,100,6240.60750351723,42.2934562469446,232 days 00:00:00,8,7,1,-51509.4953629981,100,38.8544668961399,2.93481793622488,13.9707134343527,,128 days 06:51:25.714285714,,inf,20070.7418515526,-65.053777938803,0.562837032196069,0.00216877358953316,-18.9303301736673
BHARATFORG,01-JAN-2016,16-FEB-2022,1518 days 00:00:00,100000,183854.213816664,83.854213816664,62.6788329390557,100,4628.70222388711,72.3365195923276,828 days 00:00:00,6,5,1,-23964.4694473196,80,85.6973396210794,-30.7463042334983,34.666317412958,-30.7463042334983,163 days 00:00:00,681 days 00:00:00,2.89530844134159,21563.7366527967,-57.088262550794,0.217994461149702,0.00353410680036145,-18.8790506680586
HINDPETRO,01-JAN-2016,16-FEB-2022,1518 days 00:00:00,100000,183446.819876446,83.4468198764464,60.5533596837939,100,11430.6679884803,66.5178862204943,1106 days 00:00:00,14,13,1,-12265.3279905079,84.6153846153846,27.0717093553446,-33.6043989613794,13.0364970549013,-27.3308301939828,51 days 04:21:49.090909090,402 days 12:00:00,1.80815904843541,7362.47291284264,-52.6634723397779,0.236135393514765,0.00334028395516287,-18.8399898015988
IPCALAB,01-JAN-2016,16-FEB-2022,1518 days 00:00:00,100000,182628.519774937,82.6285197749374,32.2443755893841,100,16300.6434639245,63.4293838862559,469 days 00:00:00,15,14,1,-285282.69466488,85.7142857142857,52.9823043318243,-23.2136810903073,17.4959541340361,-13.0486667027714,89 days 04:00:00,135 days 12:00:00,15.0579031109577,26279.372459987,-53.8730733393171,0.245673408789698,0.00258993900999749,-18.8516433782239
AUBANK,10-JUL-2017,16-FEB-2022,1143 days 00:00:00,100000,180978.333240053,80.978333240053,135.659558755653,100,6040.23244641739,67.7743398465647,359 days 00:00:00,9,8,1,8783.45679884552,87.5,41.1489003826848,-37.4996182805429,16.113352116729,-37.4996182805429,113 days 00:00:00,103 days 00:00:00,2.10285035723403,9024.35955515094,-51.8950767061607,0.307731151278524,0.00198800158989525,-18.8328410867439
PEL,01-JAN-2016,16-FEB-2022,1518 days 00:00:00,100000,180742.425732974,80.7424257329735,124.782178217821,100,16329.309665956,80.240337562516,856 days 00:00:00,18,17,1,-37277.5008034545,82.3529411764706,29.8816187410609,-47.3280552223478,12.8625940031578,-23.4019254523663,40 days 10:17:08.571428571,241 days 08:00:00,1.68198231385344,6942.34861978988,-49.5639209952561,0.190611886817843,0.00498058350488839,-18.8074012938683
AXISBANK,01-JAN-2016,16-FEB-2022,1518 days 00:00:00,100000,179980.748627723,79.9807486277226,77.1615914647701,100,3223.72550968886,63.1562955760817,672 days 00:00:00,5,4,1,41207.513838556,50,51.6687887484322,-12.0725675725437,29.5885032729537,-7.61076181991116,132 days 00:00:00,442 days 12:00:00,2.63188546916281,9693.30869729166,-58.4191211156709,0.240320431075878,0.00285176318248792,-18.889111017222
FORTIS,01-JAN-2016,16-FEB-2022,1518 days 00:00:00,100000,175988.225232768,75.9882252327676,44.0755735492575,100,4543.77487051154,49.647266313933,964 days 00:00:00,9,8,1,-12477.9393665222,75,46.0089913133105,-25.4486435644991,17.967171497416,-13.9220361231578,69 days 04:00:00,457 days 12:00:00,4.20624905414353,11058.2705749112,-57.7289885743777,0.293231874152688,0.00283724840404447,-18.8836282176757
PFIZER,01-JAN-2016,16-FEB-2022,1518 days 00:00:00,100000,175186.022123243,75.1860221232431,85.3585887189822,100,8239.02455544945,29.3410788837618,503 days 00:00:00,13,12,1,-32885.4089311883,75,24.1338064331809,-13.8478643313764,11.5528415146979,-7.36088286409904,75 days 18:39:59.999999999,187 days 08:00:00,5.3047754796524,9005.95258786929,-82.9441440992329,0.491883207896733,0.00122615049420407,-18.9964785563161
INDHOTEL,01-JAN-2016,16-FEB-2022,1518 days 00:00:00,100000,174951.840093802,74.9518400938017,70.0705687007061,100,7018.15036139602,60.1152368758003,487 days 00:00:00,11,10,1,-9459.0936913671,80,65.4260527562483,-37.0481348796252,16.4318414881592,-21.0652003926291,125 days 00:00:00,187 days 12:00:00,2.34043944303461,8441.09337851688,-56.605614731199,0.23946648159154,0.0032760718050606,-18.8747042289478
ACC,1-Jan-16,16-FEB-2022,1518 days 00:00:00,100000,174290.524859929,74.2905248599286,63.0255159611263,100,6149.64547650939,50.7119108421305,873 days 00:00:00,9,8,1,-20689.2620319717,62.5,42.5683105734775,-7.79694941366965,19.295731319857,-5.26811793870772,77 days 00:00:00,341 days 16:00:00,5.38137139710403,11872.4733614875,-75.3090305529068,0.281816667672743,0.000949913715038786,-18.9736081694155
PETRONET,01-JAN-2016,16-FEB-2022,1518 days 00:00:00,100000,173561.591353947,73.5615913539468,68.3397683397691,100,3328.50205419756,39.0633130962706,569 days 00:00:00,5,4,1,-29553.9058081526,100,34.1193389262658,4.7815261845387,19.9879660310559,,282 days 18:00:00,,inf,25778.8742905249,-75.063431338637,0.362906867533811,0.000369903256474051,-18.9727530452548
TORNTPOWER,01-JAN-2016,16-FEB-2022,1518 days 00:00:00,100000,173259.410289878,73.2594102898777,163.042876901799,100,4282.11657478682,34.3655130540376,556 days 00:00:00,8,7,1,22278.7198594194,85.7142857142857,21.5622199043129,-16.4805563715551,10.5754249921301,-16.4805563715551,164 days 12:00:00,210 days 00:00:00,4.10111752323759,7282.95577577976,-63.7119959777568,0.411124804339217,0.00148950168194572,-18.9223386241659
SBILIFE,03-OCT-2017,16-FEB-2022,1085 days 00:00:00,100000,172958.212922107,72.9582129221067,58.5965656137381,100,4461.4212741187,46.4973208970034,315 days 00:00:00,7,6,1,-16030.8481431852,66.6666666666667,54.4181436915785,-16.1564494082051,28.1065472432755,-14.7258274728992,150 days 06:00:00,171 days 00:00:00,3.3474256629722,14831.5101775487,-70.3073206548128,0.435268675925394,0.000907726956275995,-18.9548936192343
NHPC,01-JAN-2016,16-FEB-2022,1518 days 00:00:00,100000,172652.397527088,72.6523975270879,41.5094339622642,100,6572.57820398016,43.1968975670948,1064 days 00:00:00,10,9,1,-14167.2910238559,77.7777777777778,58.1079114012721,-19.5605669085206,16.6352862906112,-17.0958287256971,145 days 06:51:25.714285714,174 days 00:00:00,2.70653296044603,9646.63206121598,-72.1338305077581,0.324843790867572,0.00266954879652934,-18.9619364320054
UBL,01-JAN-2016,16-FEB-2022,1518 days 00:00:00,100000,172583.397527368,72.5833975273681,65.2219985164777,100,6806.21305207603,45.2855627740839,637 days 00:00:00,11,10,1,19815.757052554,80,18.9238810565446,-12.4196361014348,8.25367128233278,-9.54687125565671,82 days 21:00:00,321 days 00:00:00,2.88746468014652,5276.76404748141,-72.6722199770413,0.309619304471535,0.000447793776155325,-18.9640208911377
ABFRL,29-JAN-2016,16-FEB-2022,1499 days 00:00:00,100000,170167.713608885,70.1677136088851,24.4264507422403,100,5781.40133231797,64.0610961365678,419 days 00:00:00,10,9,1,38564.224067685,66.6666666666667,34.2171403601885,-44.3620609493216,16.1056250051734,-15.4493043062717,119 days 12:00:00,164 days 08:00:00,1.40891344226742,3511.49883791112,-54.8275202816223,0.215727494127217,0.00303460744904291,-18.8598324143725
NMDC,01-JAN-2016,16-FEB-2022,1518 days 00:00:00,100000,169869.89686956,69.8698968695602,67.3424657534253,100,8762.13949395587,64.7794769534202,1032 days 00:00:00,12,11,1,-36235.4651953693,81.8181818181818,37.0658251246883,-32.4028686767245,16.340350276193,-25.0512193294628,90 days 18:39:59.999999999,223 days 12:00:00,2.1629152906705,9645.94200590269,-55.44950452984,0.209752022563303,0.00130378533605983,-18.8651645280143
APOLLOTYRE,01-JAN-2016,16-FEB-2022,1518 days 00:00:00,100000,169117.30064425,69.1173006442495,34.6855345911954,100,9689.94522314931,74.5209131811365,952 days 00:00:00,13,12,1,8915.46957835383,83.3333333333333,33.3183209502966,-54.773403324094,14.5483234261173,-30.2271860942719,43 days 12:00:00,379 days 00:00:00,1.47417297716184,5016.81925549131,-57.9306939727451,0.180706571696327,0.00123936973935069,-18.884825885412
SRTRANSFIN,01-JAN-2016,16-FEB-2022,1518 days 00:00:00,100000,168490.668299,68.4906682990001,40.9957260020788,100,3959.3251149847,72.4191580231849,873 days 00:00:00,6,5,1,-323.267873720033,80,42.8193122466757,-31.4093184095835,25.7520778484769,-31.4093184095835,116 days 00:00:00,745 days 00:00:00,2.25328545130963,13762.787234544,-44.2480318069918,0.184553167614554,0.00898956855681787,-18.7335679857861
MRF,01-JAN-2016,16-FEB-2022,1518 days 00:00:00,100000,163621.103324178,63.6211033241779,63.1001068993875,100,7383.62481403702,35.1662648427012,604 days 00:00:00,10,9,1,-59239.75706763,88.8888888888889,25.717441002182,-2.24485321686618,11.0544096031377,-2.24485321686618,75 days 18:00:00,590 days 00:00:00,36.060762377455,13651.2067102009,-80.3310539118754,0.357404752922572,0.0006670673652878,-18.9892692451373
BAJAJ-AUTO,01-JAN-2016,16-FEB-2022,1518 days 00:00:00,100000,158923.092711563,58.9230927115627,42.450357426529,100,3473.43634967193,43.2880645775649,716 days 00:00:00,5,4,1,-26087.7056467816,100,36.7502745067642,3.85015226207536,17.4136778726972,,309 days 18:00:00,,inf,21252.6995895861,-82.1013535906925,0.272195248500488,0.00100895233716032,-18.9941213247965
EICHERMOT,01-JAN-2016,16-FEB-2022,1518 days 00:00:00,100000,157355.873727589,57.3558737275894,55.8041201207772,100,8028.48598214097,61.6541992189488,1101 days 00:00:00,11,10,1,-9602.24956037561,80,34.4066895972989,-29.7173794932604,13.4615276495648,-19.9765635013808,82 days 12:00:00,272 days 00:00:00,1.97099711828011,6695.8123287965,-64.7418400900787,0.186795879084029,0.00121757169683939,-18.9278360207294
AMBUJACEM,01-JAN-2016,16-FEB-2022,1518 days 00:00:00,100000,156087.573965069,56.0875739650694,75.3950887430097,100,2538.28014097687,51.7486149584488,861 days 00:00:00,4,3,1,-21961.118672263,100,59.3395958363176,3.642974907899,23.6420240570206,,437 days 00:00:00,,inf,26016.2308791108,-72.3125433751605,0.218362618338866,0.00054960291300785,-18.9624917854512
DRREDDY,01-JAN-2016,16-FEB-2022,1518 days 00:00:00,100000,155873.872374253,55.8738723742535,38.8551116258118,100,5647.80591390807,48.5115526362314,917 days 00:00:00,9,8,1,-26582.4065716641,87.5,36.3807155478383,-35.1605624930056,16.5350344029203,-35.1605624930056,93 days 03:25:42.857142857,477 days 00:00:00,2.85803529196981,10307.0348682397,-75.4599418771605,0.232177767418509,0.00152172670126824,-18.9739799571625
ICICIPRULI,29-SEP-2016,16-FEB-2022,1335 days 00:00:00,100000,155360.015315011,55.3600153150105,68.9631994622752,100,5406.47788408308,54.875283446712,565 days 00:00:00,8,7,1,-17408.6581204789,85.7142857142857,32.6055706431251,-3.35857017732868,10.617753437959,-3.35857017732868,129 days 00:00:00,278 days 00:00:00,15.2922121878888,10395.5247764985,-59.3890292378123,0.233278109760399,0.00344679412788005,-18.8989654675817
CIPLA,01-JAN-2016,16-FEB-2022,1518 days 00:00:00,100000,155060.218980227,55.0602189802269,42.381933318074,100,2742.81157575093,44.307372175981,453 days 00:00:00,5,4,1,-1193.79376966084,75,31.666612161544,-6.09820722334913,18.9375505748986,-6.09820722334913,222 days 08:00:00,610 days 00:00:00,9.57448457053468,14063.503187472,-77.691492419493,0.251050250054332,0.00127200884631325,-18.9813009386438
HDFCAMC,06-AUG-2018,16-FEB-2022,874 days 00:00:00,100000,154051.11927991,54.0511192799102,21.4570885762271,100,11465.6368164776,45.4137895346222,554 days 00:00:00,14,13,1,-73689.9001344309,84.6153846153846,22.8829474931808,-25.2699212510439,11.3955690430204,-15.1034871772452,18 days 08:43:38.181818181,159 days 00:00:00,2.75040283788891,9826.23226264162,-66.558854290139,0.435479564587093,0.000558215771734382,-18.9378023488325
CONCOR,01-JAN-2016,16-FEB-2022,1518 days 00:00:00,100000,151706.417781082,51.7064177810825,35.3003422190202,100,5803.13545398461,54.7887979167986,410 days 00:00:00,9,8,1,-27614.4853409875,87.5,24.1410662983443,-11.5394513269526,10.8688423108525,-11.5394513269526,137 days 06:51:25.714285714,340 days 00:00:00,5.65065489611593,9915.11289025875,-64.3764033211285,0.192387034008385,0.00211854952311184,-18.9258204123672
BEL,01-JAN-2016,16-FEB-2022,1518 days 00:00:00,100000,151518.532694437,51.5185326944366,59.1108978971775,100,4782.66914041066,69.2165866625112,1044 days 00:00:00,9,8,1,-5770.67444768964,75,29.9050124314542,-22.1065123275444,16.4791720583643,-19.7643993189841,81 days 00:00:00,434 days 00:00:00,2.26293239640045,7161.15089276578,-56.3358951781661,0.151809291521408,0.00209296102921126,-18.8722165931415
POWERGRID,01-JAN-2016,16-FEB-2022,1518 days 00:00:00,100000,149593.722077409,49.593722077409,39.2198581560284,100,1110.80765929885,36.2026997123257,874 days 00:00:00,2,1,1,-22691.4212727864,100,72.4658562085709,72.4658562085709,72.4658562085709,,1256 days 00:00:00,,inf,72285.1433501954,-77.0551403057248,0.28087772456722,0,-18.9792419293521
M&M,01-JAN-2016,16-FEB-2022,1518 days 00:00:00,100000,149110.701675925,49.1107016759253,36.6036006132749,100,5842.00230226699,72.6584337043249,858 days 00:00:00,9,8,1,-8844.0621222849,75,35.4017573086692,-34.6431989596766,17.1889622223869,-19.475380147041,115 days 16:00:00,348 days 00:00:00,1.96030030034619,7244.34547477627,-67.2999445798797,0.138771150170064,0.00227851516320938,-18.9408409188053
BPCL,01-JAN-2016,16-FEB-2022,1518 days 00:00:00,100000,144494.288452151,44.4942884521513,25.2511048613899,100,5812.07575835214,52.6204292161739,1063 days 00:00:00,8,7,1,-46819.5987478591,85.7142857142857,37.3711253278279,-26.6237317309637,17.855315165406,-26.6237317309637,90 days 20:00:00,339 days 00:00:00,2.71870759691245,13044.8410285729,-58.0651724149813,0.175855718569611,0.00249554032928997,-18.885494172691
AJANTPHARM,01-JAN-2016,16-FEB-2022,1518 days 00:00:00,100000,144169.770767115,44.1697707671151,52.5320019520261,100,3491.63376854022,57.9274264828838,1206 days 00:00:00,6,5,1,-19296.3058480762,80,75.2826220009961,-46.0254488465458,35.1872078073355,-46.0254488465458,124 days 00:00:00,835 days 00:00:00,1.88897667763724,12693.2153230383,-68.584532231123,0.158725401323911,0.00109505350899538,-18.9466979606174
COLPAL,01-JAN-2016,16-FEB-2022,1518 days 00:00:00,100000,143695.304927788,43.6953049277879,46.2400819042749,100,4474.40412168932,31.6180603259851,275 days 00:00:00,7,6,1,-26070.8034194278,83.3333333333333,28.6087197296016,-1.24130111722383,11.8596562208638,-1.24130111722383,235 days 19:12:00,122 days 00:00:00,43.6056530772164,11627.6847245359,-99.7267030819071,0.288064414554069,4.86173543007058E-05,-19.0295057862053
OIL,01-JAN-2016,16-FEB-2022,1518 days 00:00:00,100000,141914.876340283,41.9148763402833,18.7734539659687,100,7265.75317841902,71.5134093202432,1013 days 00:00:00,14,13,1,-7747.59119025662,84.6153846153846,31.0952239942547,-38.8194516742125,11.9397259244694,-32.82961321738,54 days 00:00:00,391 days 00:00:00,1.63973976178444,3820.18981004153,-63.1820852977387,0.122794313917157,0.00142946238635045,-18.9190032479931
RECLTD,01-JAN-2016,16-FEB-2022,1518 days 00:00:00,100000,140761.133825544,40.7611338255442,13.9551192145858,100,7467.07814559765,63.138769021122,1179 days 00:00:00,10,9,1,-31609.5259396752,88.8888888888889,73.1981037307646,-46.3765640247208,17.260716198756,-46.3765640247208,53 days 15:00:00,871 days 00:00:00,1.61992335212374,8041.18441835771,-55.9658764300209,0.135703223897916,0.00166360336219145,-18.8690282863472
CANBK,01-JAN-2016,16-FEB-2022,1518 days 00:00:00,100000,140590.314736051,40.5903147360513,2.51783466219069,100,8471.40760668282,80.3663379070964,1049 days 00:00:00,12,11,1,-8685.24328397805,81.8181818181818,61.6047838906832,-61.9969785557149,21.15430005554,-43.4735829735606,76 days 21:20:00,377 days 12:00:00,1.29317637411797,4479.59618363905,-46.9813510925016,0.106219105021383,0.00580722411133735,-18.7874743800381
GAIL,01-JAN-2016,16-FEB-2022,1518 days 00:00:00,100000,138291.545124381,38.2915451243815,34.0032695451482,100,4865.36617524145,64.7536820721178,866 days 00:00:00,7,6,1,-14007.2458134649,83.3333333333333,86.0739996599411,-42.8434272230001,24.83419343326,-42.8434272230001,99 days 09:36:00,759 days 00:00:00,1.59506877671757,8716.46515630773,-65.9377047895739,0.125198304655178,0.00110453025936286,-18.9339340191847
PFC,01-JAN-2016,16-FEB-2022,1518 days 00:00:00,100000,137694.169254788,37.6941692547879,19.1111111111111,100,4950.13134891554,59.0213149204443,1185 days 00:00:00,8,7,1,-287.720943609806,71.4285714285714,31.2705714131052,-22.7442618813089,14.3539089729743,-14.5864105630758,51 days 09:36:00,460 days 00:00:00,1.83460730237999,5425.98431405682,-55.1115248597198,0.135452423421583,0.00192246761697775,-18.8617737350749
HDFCLIFE,17-NOV-2017,16-FEB-2022,1053 days 00:00:00,100000,137027.276424374,37.0272764243736,70.1538015089956,100,4327.57967240633,46.191935864183,310 days 00:00:00,7,6,1,-35457.8006120194,83.3333333333333,23.8810871896775,-8.62569558478836,13.8281377144409,-8.62569558478836,116 days 19:12:00,291 days 00:00:00,8.15540406590867,12080.8461727322,-68.0145187602191,0.249774884708347,0.00253499744509805,-18.9442649928185
EDELWEISS,01-JAN-2016,16-FEB-2022,1518 days 00:00:00,100000,134155.349566612,34.1553495666124,9.99999999999996,100,20721.6206957888,89.5171822355892,915 days 00:00:00,16,15,1,-53397.834206154,73.3333333333333,42.9973934843742,-51.8962209859965,23.9734702532011,-33.0497067669587,62 days 19:38:10.909090909,146 days 06:00:00,1.16620881773362,5836.87891818441,-41.0688867431271,0.0817786854372818,0.00620313431828293,-18.6752735279975
EXIDEIND,01-JAN-2016,16-FEB-2022,1518 days 00:00:00,100000,130468.22151036,30.4682215103599,8.1722617836556,100,3750.48845971129,57.9087136929461,862 days 00:00:00,5,4,1,-27082.9515441188,75,37.9164670921814,-28.5391716491903,30.4999467716316,-28.5391716491903,187 days 16:00:00,639 days 00:00:00,1.91785888172478,14387.7932636197,-72.7521937424953,0.114038926004556,0.000384263005557279,-18.9639330407672
DALBHARAT,05-FEB-2019,16-FEB-2022,752 days 00:00:00,100000,128932.559682568,28.9325596825677,74.780366692131,100,5952.71592051544,66.3054674302666,425 days 00:00:00,12,11,1,-40177.9884367851,90.9090909090909,32.3543484214954,-48.4219354843613,13.1064175939712,-48.4219354843613,26 days 16:48:00,280 days 00:00:00,2.430825178643,6282.77710175934,-56.2449524446054,0.197980333539466,0.00253524665136793,-18.8718684628854
SUNTV,01-JAN-2016,16-FEB-2022,1518 days 00:00:00,100000,128096.120356804,28.0961203568043,16.5912518853689,100,7356.48129672443,75.2953713570866,1011 days 00:00:00,8,7,1,8621.04751946626,85.7142857142857,50.3365710806244,-60.1005864762872,20.7966193135271,-60.1005864762872,75 days 20:00:00,638 days 00:00:00,1.1088935816284,2782.15326247685,-54.2906060614522,0.0814732104279838,0.00446018037580955,-18.8561938562494
MGL,01-JUL-2016,16-FEB-2022,1395 days 00:00:00,100000,126846.74389247,26.8467438924697,53.0751489525273,100,8895.09567700292,47.2421282591501,1061 days 00:00:00,12,11,1,-42107.2177498532,81.8181818181818,15.3330907953403,-18.5334654841897,9.85017883305693,-14.4022869932103,65 days 16:00:00,214 days 00:00:00,2.29575738993328,6268.5419674839,-70.5559241744141,0.13589384476475,0.00193350967751428,-18.9551613899373
SAIL,01-JAN-2016,16-FEB-2022,1518 days 00:00:00,100000,121992.731946498,21.9927319464975,104.66804979253,100,7556.49054778949,78.9839699037074,1012 days 00:00:00,12,11,1,-36030.8837902618,81.8181818181818,41.5392768079801,-52.6148519002139,17.7854202948974,-36.5847498816574,67 days 00:00:00,314 days 12:00:00,1.43233584097344,5274.87415788721,-46.5713611794582,0.0619869439249142,0.00556364956319937,-18.767717254738
ASHOKLEY,01-JAN-2016,16-FEB-2022,1518 days 00:00:00,100000,121423.625548237,21.4236255482365,44.3693693693694,100,5210.73430214416,79.1905768649955,937 days 00:00:00,10,9,1,12623.3077310232,77.7777777777778,49.8288063624722,-62.8158804377944,18.2154050467237,-33.5494932329139,41 days 00:00:00,439 days 00:00:00,1.08029539462388,977.81309080149,-50.0463409902897,0.0603367622909748,0.00567733789884504,-18.813847012705
MOTHERSUMI,01-JAN-2016,16-FEB-2022,1518 days 00:00:00,100000,120270.672303136,20.2706723031362,28.0303030303029,100,5201.42910362025,80.1908716632772,1030 days 00:00:00,8,7,1,-40976.4735843783,71.4285714285714,44.215258855934,-38.128817179674,25.5570822051919,-26.0963306904983,90 days 09:36:00,386 days 12:00:00,1.66819890858809,8749.59226964494,-47.6421144131407,0.0565901576546239,0.00506490755468807,-18.7818582645817
NTPC,01-JAN-2016,16-FEB-2022,1518 days 00:00:00,100000,120145.54724011,20.1455472401098,10.6128550074741,100,3266.54144308206,50.8017258033357,1046 days 00:00:00,6,5,1,-12431.4237495648,80,39.5567675716351,-27.9167924441887,17.4723049717873,-27.9167924441887,161 days 06:00:00,751 days 00:00:00,1.83885278621675,6515.39419793493,-81.6541974146992,0.0888129913965185,8.36125122736265E-05,-18.9926032531786
IOC,01-JAN-2016,16-FEB-2022,1518 days 00:00:00,100000,119586.470632473,19.5864706324731,12.1780075708609,100,11152.8229445678,68.5287002419177,1106 days 00:00:00,17,16,1,-10539.9206042484,87.5,26.2342634145427,-56.8539494669134,8.42564802869286,-28.4727852743873,32 days 15:25:42.857142857,447 days 12:00:00,1.24588946069378,1882.8994522951,-67.2953622597204,0.0641294735011619,0.000171551670892805,-18.9403713243448
GODREJIND,01-JAN-2016,16-FEB-2022,1518 days 00:00:00,100000,119282.641890218,19.2826418902176,42.5819885476314,100,6064.02303294028,65.8990513433268,1134 days 00:00:00,11,10,1,-19187.5002052337,80,19.2764896381672,-31.130885602762,9.65759139691628,-17.0056301561027,62 days 00:00:00,438 days 12:00:00,1.82404729200413,3847.01420954512,-73.8509171645196,0.065719814626158,0.00123312780604275,-18.9679207658719
NAM-INDIA,06-NOV-2017,16-FEB-2022,1062 days 00:00:00,100000,116754.837002137,16.7548370021365,13.0274261603374,100,3729.49482635821,57.1991891268092,430 days 00:00:00,8,7,1,-31210.6376775725,71.4285714285714,24.8165077973339,-15.3209785745893,14.4720230597061,-12.6969387486857,101 days 14:24:00,165 days 00:00:00,3.01578194026237,6852.21066852987,-49.8716188178145,0.0956003075259399,0.00753154688003451,-18.8104463307745
HEROMOTOCO,01-JAN-2016,16-FEB-2022,1518 days 00:00:00,100000,116286.601033015,16.2866010330149,3.75086092961794,100,2971.9232750236,61.6320280566567,1105 days 00:00:00,5,4,1,-12009.8680374224,75,48.5845373433294,-28.7284954924102,22.9902133990356,-28.7284954924102,123 days 08:00:00,759 days 00:00:00,1.63189852589888,7074.11726760934,-72.1687406269704,0.0599474072847231,0.00164722464172722,-18.9615100484983
OFSS,01-JAN-2016,16-FEB-2022,1518 days 00:00:00,100000,116177.92546125,16.1779254612502,-3.41553232064169,100,4242.48801680698,63.1984508698943,697 days 00:00:00,8,7,1,-30680.1325081573,71.4285714285714,24.822069265009,-33.0926755151837,17.4267295458973,-17.1301720750881,136 days 04:48:00,340 days 12:00:00,2.10401042366802,6694.00828134393,-76.5028950940546,0.058092732969741,0.000208362008704491,-18.9771126088862
RAJESHEXPO,01-JAN-2016,16-FEB-2022,1518 days 00:00:00,100000,113180.102816552,13.1801028165517,20.6395991452358,100,6720.44026530765,55.885911068637,1011 days 00:00:00,15,14,1,-9897.28419552367,71.4285714285714,35.017325882283,-26.4052717692759,13.418387579966,-22.4016735298993,41 days 16:48:00,243 days 12:00:00,1.24960689609857,1648.38478657681,-74.5173694917281,0.0540699107559684,0.00316427786005024,-18.9702588634541
BANKBARODA,01-JAN-2016,16-FEB-2022,1518 days 00:00:00,100000,110311.799331683,10.3117993316831,-32.7255580006286,100,6469.57464389136,79.0977385879208,1051 days 00:00:00,12,11,1,-7338.78594951564,63.6363636363636,48.6886516104106,-52.0699801287788,19.3591040402463,-19.9200724070861,82 days 17:08:34.285714285,218 days 12:00:00,1.17558881097034,1604.59866192716,-46.8539332781215,0.0301884265717326,0.0071006629537757,-18.7789056565352
ITC,01-JAN-2016,16-FEB-2022,1518 days 00:00:00,100000,109363.002369068,9.36300236906845,2.02445838867735,100,3538.08908201581,56.2627605502794,1139 days 00:00:00,6,5,1,-11994.9670867158,60,66.1668948681315,-29.3363102991597,26.6505460652135,-19.4392176948479,184 days 16:00:00,424 days 12:00:00,1.35743020923563,4271.59389115685,-79.5522014195002,0.0386648710417613,0.000569254786351158,-18.9865452456776
INDUSINDBK,01-JAN-2016,16-FEB-2022,1518 days 00:00:00,100000,102486.289645476,2.48628964547564,0.472065155366708,100,6735.3922936482,85.3411839836407,875 days 00:00:00,10,9,1,-13441.1723659895,77.7777777777778,38.2126397644906,-63.1334705196279,18.9609073173191,-33.7520799238728,90 days 20:34:17.142857143,361 days 00:00:00,1.11512223326324,1769.71800127391,-46.7090838947115,0.00693990081371598,0.00810507526761853,-18.7935143725361
SUNPHARMA,01-JAN-2016,16-FEB-2022,1518 days 00:00:00,100000,100724.855863306,0.724855863305929,6.53546686285369,100,1429.98036068425,62.189833014431,1445 days 00:00:00,4,3,1,9900.02712927244,33.3333333333333,34.6222106046446,-22.2708312725493,34.6222106046446,-17.7566692157246,158 days 00:00:00,585 days 00:00:00,0.717602327641689,-3058.39042198884,-67.8030605064418,0.00279486762454096,0.00105505218490942,-18.9425094655358
TATAMOTORS,01-JAN-2016,16-FEB-2022,1518 days 00:00:00,100000,100058.432434975,0.0584324349746166,24.023388902711,100,4371.18107413286,88.3693136244072,1348 days 00:00:00,11,10,1,3009.42992842526,80,38.6068216690051,-60.1248095417801,22.3798280732477,-55.6073205031381,54 days 09:00:00,458 days 00:00:00,0.979217618002068,-295.099749345061,-47.6030354909463,0.000158956116023866,0.00755471908911308,-18.7811879935865
GODREJAGRO,16-OCT-2017,16-FEB-2022,1076 days 00:00:00,100000,99394.9202401549,-0.605079759845146,-17.669772517418,100,5966.3971382345,61.2139661514013,808 days 00:00:00,11,10,1,-42550.634034187,80,23.5575229803804,-21.5770210090687,11.2099229739519,-21.5666738791375,49 days 12:00:00,252 days 00:00:00,1.83502924110447,4194.55542743419,-70.7313842417875,-0.00335979636877599,0.00169764176327627,-18.9555073803186
CADILAHC,01-JAN-2016,16-FEB-2022,1518 days 00:00:00,100000,98622.1762599407,-1.37782374005928,15.5996393146981,100,4485.64836482363,61.0296127562642,952 days 00:00:00,7,6,1,-60424.5732549891,83.3333333333333,24.0051167248868,-3.70004175530727,11.0643728266609,-3.70004175530727,59 days 19:12:00,946 days 00:00:00,11.2113801984729,9841.12491915498,-65.5358215740084,-0.00545706553814742,0.00355887937115078,-18.9319009991944
L&TFH,01-JAN-2016,16-FEB-2022,1518 days 00:00:00,100000,96260.8036099014,-3.73919639009857,10.8580106302206,100,12042.1172292472,77.4798413593709,1070 days 00:00:00,14,13,1,-37522.4361105428,84.6153846153846,43.3914790725888,-44.101726600002,11.710369192865,-34.875650909083,34 days 19:38:10.909090909,396 days 12:00:00,1.20258852701726,2598.71074772648,-50.682196351545,-0.0117725725339046,0.00302791504800014,-18.8176314645079
BOSCHLTD,01-JAN-2016,16-FEB-2022,1518 days 00:00:00,100000,91749.3587171831,-8.25064128281688,-16.6802089681286,100,4478.611487589,65.7926202080035,1369 days 00:00:00,9,8,1,-13447.6150157465,75,24.0058151182753,-36.2922474288356,11.0866329255017,-23.7507133919638,71 days 12:00:00,487 days 00:00:00,1.08466245206029,649.621716616204,-68.7370157245974,-0.0311463869232304,0.00165413009885909,-18.9466794782539
CUMMINSIND,01-JAN-2016,16-FEB-2022,1518 days 00:00:00,100000,90360.4698164452,-9.63953018355483,-7.82152483634968,100,4203.69563367456,73.1830687544421,1181 days 00:00:00,12,11,1,-3724.30368359342,81.8181818181818,20.4870779018127,-53.7137283723412,8.88547413682226,-28.9573397137084,65 days 18:39:59.999999999,377 days 00:00:00,0.903680211888753,-537.747863632852,-67.9005072865091,-0.032901030659768,0.00137354215562757,-18.9427920823999
ONGC,01-JAN-2016,16-FEB-2022,1518 days 00:00:00,100000,90148.0008663387,-9.85199913366135,4.25558235912666,100,4543.39797495001,71.5437514820963,1005 days 00:00:00,9,8,1,3580.11028895165,75,39.7233070543612,-58.8691873258031,15.9779550823941,-34.0613493336667,78 days 04:00:00,486 days 12:00:00,0.861743395277376,-1679.01367782662,-61.855729155492,-0.0344268235466182,0.0025039015995542,-18.9105051480604
AUROPHARMA,01-JAN-2016,16-FEB-2022,1518 days 00:00:00,100000,89169.7030169486,-10.8302969830514,-21.7041071023367,100,3093.07743697811,64.5431029296758,634 days 00:00:00,7,6,1,2735.15433460411,50,13.3181663554359,-17.8454300295772,6.49348921578796,-10.2974743817272,2 days 16:00:00,342 days 00:00:00,0.570909702370567,-2260.90855294258,-53.9094545563283,-0.0421205357924155,0.00533485965649391,-18.8511366166179
IDBI,01-JAN-2016,16-FEB-2022,1518 days 00:00:00,100000,87224.3622558691,-12.7756377441309,-45.7730812013345,100,3591.18846634635,78.9722386296515,980 days 00:00:00,9,8,1,-12664.2566803025,62.5,46.2205345604792,-55.7627925934777,27.1355211630175,-29.314986927715,93 days 00:00:00,304 days 08:00:00,0.998907704103679,-13.9226329785506,-44.1417831104913,-0.0409406832870451,0.0125093839856865,-18.7309502204545
QUESS,12-JUL-2016,16-FEB-2022,1389 days 00:00:00,100000,86192.1673519442,-13.8078326480558,15.0964023057051,100,12929.677016813,86.6511841240006,912 days 00:00:00,20,19,1,-53381.0667524278,78.9473684210526,38.276696467888,-55.6711947823972,14.4907159678606,-30.8052146090708,41 days 22:23:59.999999999,130 days 12:00:00,1.20617586400192,2082.80179496694,-53.7362678477652,-0.0441933580855291,0.00333627581957666,-18.8482810006871
TATAMTRDVR,01-JAN-2016,16-FEB-2022,1518 days 00:00:00,100000,83306.4889270219,-16.6935110729781,-19.5886716115982,100,2583.79322214469,91.7649184520993,1350 days 00:00:00,12,11,1,-5156.12152739162,72.7272727272727,31.2650928830268,-55.7113180040834,21.0078093727296,-40.9142018212545,35 days 03:00:00,355 days 00:00:00,0.856696785829714,-1048.85359505332,-46.8892233510231,-0.0468217668522051,0.00915142530632789,-18.7711522239326
IDFCFIRSTB,16-JAN-2019,16-FEB-2022,766 days 00:00:00,100000,83063.5501795021,-16.9364498204979,-6.20475698035177,100,1390.69662251393,67.5313059033989,714 days 00:00:00,3,2,1,-39624.4575100515,100,16.2503256686588,5.5885148885644,10.9194202786116,,246 days 00:00:00,,inf,11344.0038447768,-47.6328395892883,-0.125312421058103,0.00344616822827825,-18.7800088742274
M&MFIN,01-JAN-2016,16-FEB-2022,1518 days 00:00:00,100000,80768.6760260559,-19.2313239739441,-34.1056910569104,100,4019.82028503635,78.5193600302944,942 days 00:00:00,7,6,1,-10344.4131478142,83.3333333333333,39.3761114775046,-61.273011478033,19.4315293029104,-61.273011478033,114 days 09:36:00,815 days 00:00:00,0.930781269116379,-1481.15180435498,-45.275694807974,-0.0637533480117853,0.00273024599169431,-18.7468734768991
LICHSGFIN,01-JAN-2016,16-FEB-2022,1518 days 00:00:00,100000,80053.7902595027,-19.9462097404973,-23.1533392347793,100,3702.52466744301,75.3319222628439,1157 days 00:00:00,7,6,1,-27483.2589340477,83.3333333333333,50.9038373324818,-59.9098231080775,23.2928564755576,-59.9098231080775,101 days 14:24:00,793 days 00:00:00,1.07611721325921,1256.17486559173,-56.6013819740876,-0.069143633123928,0.00294221706176838,-18.8728938804951
GLENMARK,01-JAN-2016,16-FEB-2022,1518 days 00:00:00,100000,79678.4945217278,-20.3215054782722,-47.2584573748306,100,1977.18633499179,80.6303342061129,1313 days 00:00:00,6,5,1,5666.0838921861,60,33.9325559491829,-47.1310080312527,19.2557933991388,-31.6508407102001,58 days 08:00:00,447 days 00:00:00,0.542567899189677,-5197.51787409167,-57.6848151014921,-0.0659276096785248,0.00486707792940627,-18.8868266582572
AMARAJABAT,01-JAN-2016,16-FEB-2022,1518 days 00:00:00,100000,79048.7989992791,-20.9512010007209,-30.8086921436394,100,3592.82555353524,62.7163959110342,1060 days 00:00:00,7,6,1,-42163.0217319243,66.6666666666667,27.6395416282575,-20.2744206191253,16.5111536807702,-18.4558220782839,157 days 06:00:00,279 days 12:00:00,1.47819898708685,3535.30345520056,-71.2936064510198,-0.0876362760133992,0.000830787259345915,-18.9574550952864
BANDHANBNK,27-MAR-2018,16-FEB-2022,965 days 00:00:00,100000,76099.9582409264,-23.9000417590736,-32.2638146167555,100,4846.88554696723,75.2102523027633,575 days 00:00:00,10,9,1,-475.688646478447,66.6666666666667,27.4665185594606,-37.4723951006745,12.0254706269524,-26.1331735370562,54 days 00:00:00,152 days 16:00:00,0.740858208809934,-2602.70590139946,-38.4837941366942,-0.130498811193608,0.0141151638050901,-18.6390105525872
MRPL,01-JAN-2016,16-FEB-2022,1518 days 00:00:00,100000,70185.5841408418,-29.8144158591582,-36.4031907179114,100,3871.2504217149,84.3343870741131,1065 days 00:00:00,8,7,1,-10968.1026070942,57.1428571428571,54.7478832973055,-67.2973827855808,31.3911490946918,-27.0447876357754,94 days 06:00:00,326 days 00:00:00,0.879868931364703,-2692.33046458057,-51.7343837773534,-0.0967608161485795,0.0061498095789627,-18.8282123489355
INFRATEL,01-JAN-2016,17-DEC-2020,1229 days 00:00:00,100000,69164.1899181684,-30.8358100818316,-43.4141201264488,100,2191.38007898507,72.2081396782145,779 days 00:00:00,5,4,1,-1856.41182915344,50,31.5555226319499,-35.3158796355436,15.8949731993819,-26.078089999238,213 days 12:00:00,384 days 12:00:00,0.52308020965468,-7244.84956316953,-49.4343862774947,-0.143632505663483,0.00532902784571894,-18.8030940555255
ABCAPITAL,15-SEP-2017,16-FEB-2022,1094 days 00:00:00,100000,62037.1352679644,-37.9628647320356,-43.2964329643299,100,1561.38097811116,79.5812415768502,1059 days 00:00:00,6,5,1,-5233.47274861083,60,29.7665161907864,-39.4125079742504,22.040013534887,-39.0988553151305,49 days 16:00:00,331 days 00:00:00,0.478770153279408,-6545.87839668496,-52.3051443765485,-0.185033493519947,0.00379577604263312,-18.8331302725351
ZEEL,01-JAN-2016,16-FEB-2022,1518 days 00:00:00,100000,60906.948231344,-39.093051768656,-38.1727881727883,100,2649.66351592431,80.5754809259863,1011 days 00:00:00,6,5,1,-6754.28792844791,80,48.7252522136898,-66.418024988192,20.1738431214543,-66.418024988192,177 days 18:00:00,671 days 00:00:00,0.681436715140381,-6467.75276804161,-42.7588325734446,-0.139480581275163,0.0103850459273159,-18.72190768626
CASTROLIND,01-JAN-2016,16-FEB-2022,1518 days 00:00:00,100000,59858.2268530941,-40.1417731469059,-47.715622910631,100,3241.67593237275,62.1939568731804,1332 days 00:00:00,8,7,1,-16967.4529147776,57.1428571428571,15.0619158337578,-26.0465782588938,8.47134311580474,-17.5421053569349,68 days 18:00:00,345 days 08:00:00,0.536668224957794,-3310.61717601833,-72.6097534310911,-0.186651994535255,0.00111872045635294,-18.9622914792124
INDIANB,01-JAN-2016,16-FEB-2022,1518 days 00:00:00,100000,58653.7515808113,-41.3462484191887,32.4336090552902,100,6356.10515821131,90.7107881173668,1180 days 00:00:00,12,11,1,-8897.3959600744,81.8181818181818,34.6039317467202,-84.7289842677631,19.5136390903997,-47.233895756931,62 days 08:00:00,371 days 12:00:00,0.834581021278166,-2949.89567810129,-45.189271889548,-0.132725113919518,0.00996240482904295,-18.7459533977874
COALINDIA,01-JAN-2016,16-FEB-2022,1518 days 00:00:00,100000,57392.4920188192,-42.6075079811808,-50.9504565184852,100,3732.14913896088,67.0898088888374,1363 days 00:00:00,10,9,1,-8947.21377395293,66.6666666666667,10.3085372481368,-46.6712201796394,6.68655567073557,-20.9492014263048,56 days 08:00:00,350 days 16:00:00,0.451815454075543,-3740.03268969199,-71.8673158502159,-0.186289957966404,0.000182524054226816,-18.9593106144769
ENGINERSIN,01-JAN-2016,16-FEB-2022,1518 days 00:00:00,100000,57248.0451134142,-42.7519548865858,-46.5247087183606,100,3357.59963967542,75.0366032210835,1027 days 00:00:00,6,5,1,-15329.4649022304,60,25.0298567179362,-53.881778779155,16.4782839383484,-27.0111932184246,99 days 00:00:00,473 days 00:00:00,0.675697792346203,-5484.49799687108,-61.2498313128526,-0.167267186085051,0.000694534005152114,-18.9054792314495
BHEL,01-JAN-2016,16-FEB-2022,1518 days 00:00:00,100000,53390.5325216817,-46.6094674783183,-51.636970069341,100,3820.84638518524,84.1523374383013,1206 days 00:00:00,11,10,1,-14387.7650047836,70,30.4450776684244,-58.1619172006692,10.5169848732959,-25.4207020986997,69 days 00:00:00,288 days 16:00:00,0.541208061203494,-3222.17024735347,-47.9471925299134,-0.166433466768481,0.00717060959783808,-18.7863701350227
LUPIN,01-JAN-2016,16-FEB-2022,1518 days 00:00:00,100000,44657.2040757885,-55.3427959242115,-57.8702072889852,100,1093.82234357063,71.5259284848983,1491 days 00:00:00,4,3,1,-23376.9385381707,33.3333333333333,41.7691201464387,-47.2886479675418,41.7691201464387,-28.2029801416866,257 days 00:00:00,518 days 00:00:00,0.384980075582701,-10655.2857953469,-68.7192325996094,-0.246356576759087,0.00221851956786983,-18.9454755761088
NIACL,13-NOV-2017,16-FEB-2022,1057 days 00:00:00,100000,42790.5948768055,-57.2094051231945,-63.2512721771422,100,2014.0424501055,81.0822026974755,922 days 00:00:00,7,6,1,-6040.47158919912,50,25.5975635236234,-42.6818727947278,19.2582402820133,-33.5999550085012,36 days 00:00:00,219 days 16:00:00,0.389181906511683,-8528.15558899923,-50.4747036222961,-0.313348116228331,0.0112965426881448,-18.8148404132525
EMAMILTD,01-JAN-2016,16-FEB-2022,1518 days 00:00:00,100000,41127.3253059144,-58.8726746940856,-49.5728655916698,100,1907.64383965334,88.0125185776745,1015 days 00:00:00,8,7,1,1695.86530032221,71.4285714285714,22.2983565319875,-72.0315474311874,9.3051180314339,-40.667939409445,91 days 04:48:00,340 days 00:00:00,0.334611282492272,-8652.64857062969,-55.5858903464612,-0.218558468364706,0.00338812602559407,-18.8635012896173
HUDCO,19-MAY-2017,16-FEB-2022,1178 days 00:00:00,100000,39790.7229134191,-60.2092770865809,-49.1385251550654,100,1120.58410657934,79.2281591288684,1091 days 00:00:00,5,4,1,-4534.15354994621,50,7.2380368820438,-51.8011255224927,6.12412389931815,-35.1892046252211,52 days 12:00:00,353 days 00:00:00,0.0816867742085891,-13918.7808841587,-56.2747158164516,-0.313510147995539,0.0048676027715289,-18.8695087297114
UNIONBANK,01-JAN-2016,16-FEB-2022,1518 days 00:00:00,100000,39341.7502851796,-60.6582497148203,-70.4666666666665,100,5103.95740122715,86.7668191522382,1053 days 00:00:00,11,10,1,-2383.63244910863,60,45.1522960331221,-62.6115279443795,17.0819000761859,-31.3953642521445,92 days 00:00:00,202 days 06:00:00,0.629123273379577,-5827.46172657117,-47.8186284749086,-0.231577734982574,0.00664866569153284,-18.7895013581371
IBVENTURES,30-OCT-2018,27-OCT-2020,494 days 00:00:00,100000,39168.220668131,-60.831779331869,-53.8944571911605,100,1401.60208901393,83.8389378749532,459 days 00:00:00,6,5,1,-12898.2403567241,60,29.586965918537,-51.5712024357677,22.0558293615928,-46.2178569476673,17 days 16:00:00,177 days 12:00:00,0.355590106738259,-9586.70779502897,-33.0522772781565,-0.596021034479924,0.0185412326195885,-18.4386487230532
RBLBANK,31-AUG-2016,16-FEB-2022,1354 days 00:00:00,100000,37499.3402661153,-62.5006597338847,-52.1376085504343,100,5491.73684014936,85.0096229239433,677 days 00:00:00,10,9,1,-24909.1874979038,66.6666666666667,28.1431608196383,-70.4860070018401,14.539779851478,-25.3723295529241,44 days 12:00:00,233 days 00:00:00,0.696748617033515,-4176.83024844233,-45.4170422060973,-0.273310361463398,0.00468790090789871,-18.7460563063794
PNB,01-JAN-2016,16-FEB-2022,1518 days 00:00:00,100000,34770.7147545538,-65.2292852454462,-67.2193877551021,100,4929.2525251074,85.6748223716907,1005 days 00:00:00,10,9,1,-4298.55272436091,77.7777777777778,22.8807293897989,-65.0991697569206,12.800709700583,-58.3426383591454,88 days 03:25:42.857142857,374 days 12:00:00,0.600105070776053,-6770.08139123169,-47.1160499540628,-0.261820630693651,0.00537819385801798,-18.7951410146527
GICRE,25-OCT-2017,16-FEB-2022,1070 days 00:00:00,100000,33865.4889157362,-66.1345110842638,-69.6671623012695,100,2016.78516236284,75.4750463080939,1013 days 00:00:00,7,6,1,-22384.7101076413,66.6666666666667,27.3660884219324,-51.7041246589095,20.0841787125429,-47.8333620352729,17 days 18:00:00,347 days 12:00:00,0.499321145960692,-7291.63349610377,-54.4952812676188,-0.409170538429385,0.0074317413056743,-18.853335115881
VARROC,06-JUL-2018,16-FEB-2022,895 days 00:00:00,100000,32460.0448143843,-67.5399551856157,-63.6814961199212,100,1176.94392239993,85.7942368727708,836 days 00:00:00,6,5,1,-4574.23187494554,60,29.8033400451574,-59.7846571284134,16.8861226199283,-50.7869494731063,118 days 08:00:00,212 days 12:00:00,0.176504139446389,-12593.144662134,-48.0705716939556,-0.428932023458737,0.00674729041021177,-18.7827803952382
NBCC,01-JAN-2016,16-FEB-2022,1518 days 00:00:00,100000,30837.2924628945,-69.1627075371055,-68.0334603032342,100,5731.66265349615,94.4831002867567,1059 days 00:00:00,14,13,1,-5693.77845207214,84.6153846153846,38.0178654925187,-90.4269249442764,13.4652080498051,-46.5804464279944,56 days 10:54:32.727272727,399 days 00:00:00,0.649070059202778,-4882.22531423333,-44.8337448254816,-0.260771702221987,0.00587683975864858,-18.7368465686792
PNBHOUSING,07-NOV-2016,16-FEB-2022,1247 days 00:00:00,100000,27545.7287059991,-72.4542712940009,-50.7939179711607,100,2993.61083457399,91.1768191514577,1044 days 00:00:00,9,8,1,-14775.1858715426,87.5,23.5543543779753,-84.3638828469706,15.1995611575478,-84.3638828469706,34 days 13:42:51.428571428,782 days 00:00:00,0.540880958126476,-7209.88567780728,-48.1632992421874,-0.344769630193936,0.00709732325270687,-18.7837597552538
MCDOWELL-N,01-JAN-2016,16-FEB-2022,1518 days 00:00:00,100000,27393.0528294389,-72.6069471705611,-71.7737917289486,100,3145.30261095273,88.4025991609939,1017 days 00:00:00,9,8,1,-4049.19337922409,62.5,29.1766793042628,-83.6784439666204,18.9781769070876,-34.5072883598366,59 days 04:48:00,359 days 16:00:00,0.521916347920479,-8569.71922391712,-45.4550349981132,-0.302642208164442,0.00240279166533026,-18.7475990524713
IBULHSGFIN,01-JAN-2016,16-FEB-2022,1518 days 00:00:00,100000,27285.0558105776,-72.7149441894224,-73.9957860395571,100,5108.22496233538,93.7092019120691,1072 days 00:00:00,11,10,1,-13381.5545654953,70,33.5272075569196,-76.7578754501423,18.4498329275169,-42.5228789625365,85 days 06:51:25.714285715,225 days 16:00:00,0.683803162711947,-5933.33896239271,-35.4022075787698,-0.286246129490635,0.017732984239558,-18.5346999741667
BANKINDIA,01-JAN-2016,16-FEB-2022,1518 days 00:00:00,100000,27197.5634758882,-72.8024365241118,-54.8359608010224,100,5509.17827215966,85.5579132955216,1052 days 00:00:00,11,10,1,-14525.0412673832,70,34.116750907965,-62.3306966957606,12.6567929616229,-39.0096599635728,64 days 10:17:08.571428572,245 days 16:00:00,0.571569620947135,-5827.73952567286,-49.0904443416817,-0.31417766593108,0.00713512075143524,-18.8049523796734
FCONSUMER,25-OCT-2016,16-FEB-2022,1319 days 00:00:00,100000,18991.8050492267,-81.0081949507733,-69.7228144989338,100,6146.39932476189,93.9411091410655,1022 days 00:00:00,9,8,1,-8025.54310164749,62.5,31.7085536159601,-76.2372998954227,22.0651381486412,-48.8109474942664,41 days 04:48:00,279 days 16:00:00,0.696384019521477,-9122.83148114072,-41.9438687998749,-0.392285544635442,0.0126474041018357,-18.6847068017075
CESC,01-JAN-2016,16-FEB-2022,1518 days 00:00:00,100000,13723.245430664,-86.276754569336,-84.4912551937385,100,8987.94282881673,93.6378779095127,1014 days 00:00:00,12,11,1,-128965.406932963,90.9090909090909,18.2693531524804,-41.6706856644796,9.47985454375176,-41.6706856644796,56 days 00:00:00,742 days 00:00:00,1.47611443430162,3880.78657851158,-43.6064062983711,-0.405496046573231,0.00151223000754175,-18.7168510234143
FRETAIL,13-DEC-2017,16-FEB-2022,1035 days 00:00:00,100000,12363.3601655001,-87.6366398344999,-90.9073579870378,100,1055.93985130793,90.2492626908327,950 days 00:00:00,6,5,1,-4633.44987612869,20,23.8920829186663,-63.2264862386862,23.8920829186663,-36.7739741345568,40 days 00:00:00,173 days 18:00:00,0.0666916994379601,-16600.6379916742,-44.261031255192,-0.577900647224303,0.00955850468921215,-18.7229686788852
IDEA,01-JAN-2016,16-FEB-2022,1518 days 00:00:00,100000,5848.1178526298,-94.1518821473702,-92.5977653631285,100,1680.68084013695,97.728339987902,1440 days 00:00:00,8,7,1,-2441.22697188072,42.8571428571429,38.7034912718205,-93.2596361917786,24.7141913477521,-34.3277888215276,65 days 00:00:00,302 days 06:00:00,0.121029624164774,-13101.5221679271,-27.9569766668839,-0.506220260908843,0.0389689771389409,-18.2431908916382
