Company,Start,End,Period,Start Value,End Value,Total Return [%],Benchmark Return [%],Max Gross Exposure [%],Total Fees Paid,Max Drawdown [%],Max Drawdown Duration,Total Trades,Total Closed Trades,Total Open Trades,Open Trade PnL,Win Rate [%],Best Trade [%],Worst Trade [%],Avg Winning Trade [%],Avg Losing Trade [%],Avg Winning Trade Duration,Avg Losing Trade Duration,Profit Factor,Expectancy,Sharpe Ratio,Calmar Ratio,Omega Ratio,Sortino Ratio
ACC,01-JAN-2016,04-APR-2022,1549 days,100000.0,49215.61581810929,-50.78438418189071,54.29330615513494,100.0,36984.37759146525,57.492791881119786,1358 days,101,101,0,0.0,50.495049504950494,9.230846672240288,-27.264693925433765,1.443772855622311,-2.691740571241717,3 days 13:38:49.411764705,10 days 04:48:00,0.4987414067071166,-502.8156849692158,-107.03558734523271,-0.2675952444492093,0.0007151519364456216,-19.038702995178895
AUBANK,10-JUL-2017,04-APR-2022,1174 days,100000.0,41099.45485428464,-58.90054514571537,141.61358811040228,100.0,22230.751396648593,74.66558120959465,1056 days,67,67,0,0.0,59.70149253731343,11.804814560729858,-62.57125837556053,2.3699531071049282,-5.297136833365369,3 days 08:24:00,12 days 16:00:00,0.46046640160556124,-879.1126141151549,-73.0800934604208,-0.32347745645443654,0.000665000882845541,-18.96325121647255
ADANIPORTS,01-JAN-2016,04-APR-2022,1549 days,100000.0,87071.05870236474,-12.92894129763526,205.94281442720893,100.0,55731.47445408921,56.15750187970882,1147 days,109,109,0,0.0,62.38532110091744,5.482064743571211,-29.644191604322522,1.9347117871313158,-3.2840302821170106,2 days 20:28:14.117647058,10 days 15:13:10.243902439,0.9097591132382653,-118.61414034527729,-83.00291037608669,-0.057154212652588084,0.0009007860866920748,-18.99584373494209
ADANIPOWER,01-JAN-2016,04-APR-2022,1476 days,100000.0,34109.95759922266,-65.89004240077733,523.3823529411779,100.0,21584.22663750238,89.71610280731893,1402 days,89,89,0,0.0,64.04494382022472,13.135534949035211,-45.241640217637716,2.836565361506379,-7.1236087225668765,3 days 18:31:34.736842105,15 days 09:45:00,0.477536255917713,-740.3375550649135,-57.09413230474952,-0.26031649649051175,0.006122865608314454,-18.87739434046718
ADANITRANS,30-OCT-2018,04-APR-2022,682 days,100000.0,104867.472650865,4.867472650865006,1408.9175891758914,100.0,22285.155588653568,50.36266951475682,362 days,41,41,0,0.0,70.73170731707317,12.742190385604271,-38.740348284411496,2.717909890100434,-5.134119790363161,2 days 22:20:41.379310344,11 days 08:00:00,1.0625864681556185,118.71884514304838,-69.91326600137272,0.05115370351801458,0.002522792948244185,-18.95230655955441
ABCAPITAL,15-SEP-2017,04-APR-2022,1125 days,100000.0,22646.69425712897,-77.35330574287103,-43.96063960639635,100.0,14028.388747239325,84.6018260034387,1073 days,69,69,0,0.0,60.86956521739131,9.265754730820024,-50.92994258539695,2.2631674956619117,-7.791485651896275,3 days 09:08:34.285714285,18 days 18:40:00,0.2991276719792557,-1121.0624020705948,-73.14790330018663,-0.45195329102083487,0.0006362359492712713,-18.96233367704986
ABFRL,29-JAN-2016,04-APR-2022,1530 days,100000.0,56932.187855924676,-43.067812144075326,34.390463337831825,100.0,42235.73951655325,66.73928259715147,1476 days,98,98,0,0.0,56.12244897959183,11.712727979625285,-53.5452664579601,2.415374203659053,-3.7348459318984366,3 days 02:37:05.454545454,12 days 02:47:26.511627907,0.7135199730821727,-439.4674708579123,-76.89145342405975,-0.18841366785114239,0.0011609190295325455,-18.977493172158002
AJANTPHARM,01-JAN-2016,04-APR-2022,1549 days,100000.0,35024.526055051174,-64.97547394494883,31.77671834528395,100.0,33442.956588346744,69.70689865068341,1449 days,113,112,1,-2087.5494725867757,53.57142857142857,7.270194427602264,-26.931129369475958,1.3439420150803199,-3.2236279553537277,1 days 23:36:00,11 days 15:41:32.307692307,0.4182514034227937,-561.4993256460896,-100.9087821583133,-0.3142068995940585,0.00014365744471732958,-19.030226477014256
ALKEM,01-JAN-2016,04-APR-2022,1549 days,100000.0,61261.69462386658,-38.738305376133425,131.16891757035475,100.0,39968.66499057814,41.9820683083661,1528 days,101,100,1,-634.4937994042193,47.0,10.840843797169564,-11.740432072446062,1.5651968015779518,-2.2033992349234333,2 days 19:54:53.617021276,10 days 12:13:35.094339622,0.6006039841196753,-381.03811576729197,-119.76956641858592,-0.25975004877617247,0.0008360062715486821,-19.05208940278025
AMARAJABAT,01-JAN-2016,04-APR-2022,1549 days,100000.0,32668.06087043615,-67.33193912956385,-34.7743385785924,100.0,36837.697929269285,72.47347891554938,1455 days,106,106,0,0.0,45.28301886792453,8.494092089364237,-33.03437760036854,1.9786742623127092,-3.3148924729323506,2 days 07:00:00,12 days 02:04:08.275862069,0.4740571642628855,-635.2069729204147,-94.03916555838546,-0.3197539543006453,0.0006224879083935454,-19.018942757355045
AMBUJACEM,01-JAN-2016,04-APR-2022,1549 days,100000.0,50945.312061510274,-49.05468793848973,51.543885241915596,100.0,38094.042450329085,56.98208994710653,1372 days,103,103,0,0.0,58.252427184466015,9.650368707764944,-20.129347009189356,1.3718531496557143,-3.2573728648699722,3 days 07:36:00,11 days 16:11:09.767441860,0.543919322935691,-476.2591061989299,-100.00238150292962,-0.2578578683900102,0.00041984165980545605,-19.02914957188996
APOLLOHOSP,01-JAN-2016,04-APR-2022,1549 days,100000.0,55821.8275834477,-44.1781724165523,212.49657721796146,100.0,38103.343687204266,56.779986332726374,1518 days,110,109,1,-1663.878406538177,55.96330275229357,9.823389899751174,-22.066824691542337,1.6849041299733456,-3.101943478260041,2 days 18:29:30.491803278,10 days 18:30:00,0.6071267577986104,-390.0393945872853,-92.07578195961594,-0.2260627633419805,0.0015200255294387675,-19.01573526528008
APOLLOTYRE,01-JAN-2016,04-APR-2022,1549 days,100000.0,39648.107230480186,-60.35189276951981,24.213836477987915,100.0,41146.96200444561,74.52074097559277,1478 days,113,113,0,0.0,56.63716814159292,7.60790957389136,-45.83335133295369,1.8492066274993877,-3.7992014937457097,3 days 06:45:00,11 days 02:26:56.326530612,0.5779906287873127,-534.0875466329195,-80.5380867463202,-0.2628382717457799,0.0005416451873256874,-18.98825145290753
ASHOKLEY,01-JAN-2016,04-APR-2022,1549 days,100000.0,28386.283735998033,-71.61371626400197,36.26126126126137,100.0,26097.77465636914,83.18937309373972,1470 days,88,88,0,0.0,59.09090909090909,12.10853522721388,-40.07086862818156,2.2437873732927933,-6.070102700197281,3 days 14:18:27.692307692,14 days 20:40:00,0.4512351514948584,-813.7922302727492,-64.13301009644917,-0.3086376477352086,0.0037869994916099304,-18.92405382943207
ASIANPAINT,01-JAN-2016,04-APR-2022,1549 days,100000.0,54526.3749726672,-45.4736250273328,254.822190611663,100.0,37467.16921022804,52.91140204096695,1356 days,104,104,0,0.0,48.07692307692308,7.780852259711846,-24.305850050716888,1.2274672336943373,-2.137146002543854,2 days 07:40:48,8 days 18:13:20,0.48196785649781915,-437.2463944935845,-116.7698517747731,-0.25168060681661636,0.0002532209628881138,-19.049290395465302
AUROPHARMA,01-JAN-2016,04-APR-2022,1549 days,100000.0,30211.357751428877,-69.78864224857112,-21.443158611299683,100.0,24632.7572924381,76.60850320340997,1529 days,96,96,0,0.0,55.208333333333336,20.76927344574142,-25.522200808175512,2.2837721814766714,-5.0804020257603995,3 days 01:21:30.566037735,14 days 06:08:22.325581395,0.4291919016520541,-726.9650234226158,-70.58138109256096,-0.3208001478038346,0.0034630571374322794,-18.95372196738473
AXISBANK,01-JAN-2016,04-APR-2022,1549 days,100000.0,64353.72229244334,-35.64627770755666,74.2831740386754,100.0,47377.52913256744,69.14942115332427,1374 days,114,114,0,0.0,60.526315789473685,11.53459012586942,-32.09842389937961,1.6350660133211046,-3.1898232281856482,2 days 22:15:39.130434782,9 days 11:44:00,0.7104843036253219,-312.686646557515,-76.37221446246006,-0.14266320790805606,0.002479842696571358,-18.976481857521073
BAJAJ-AUTO,01-JAN-2016,04-APR-2022,1549 days,100000.0,38671.54564446135,-61.32845435553865,49.46981731532964,100.0,35948.147637821006,64.77455207514132,1530 days,104,104,0,0.0,38.46153846153847,5.139692714522435,-26.67065014623992,1.3505755745744876,-2.1929929080502166,2 days 13:12:00,8 days 23:37:30,0.3360210114136218,-589.6966764955641,-120.05621174781913,-0.3096597100470774,0.0005183349299823971,-19.052106162475695
BAJFINANCE,01-JAN-2016,04-APR-2022,1549 days,100000.0,47070.697459170326,-52.92930254082967,1128.8013254810646,100.0,35940.62774660353,67.26814189070667,1363 days,85,85,0,0.0,62.35294117647059,8.710157574024482,-52.22560349018291,1.8679082834877914,-4.583650673358597,2 days 23:32:49.811320754,10 days 18:00:00,0.6147667675309653,-622.6976769509373,-73.76674073154227,-0.2418471679078056,0.002108621173602304,-18.966373275802813
BAJAJFINSV,01-JAN-2016,04-APR-2022,1549 days,100000.0,49679.25881521779,-50.3207411847822,766.838895049902,100.0,31039.583961242053,62.99318433308042,1524 days,87,87,0,0.0,57.47126436781609,10.370262404663016,-46.73517819430126,1.8800576871645058,-3.8654817810851894,2 days 14:52:48,11 days 02:35:40.540540540,0.5525218107490835,-578.3993239630144,-81.90952218176751,-0.24125844656952863,0.0007514654270147884,-18.99233626440688
BAJAJHLDNG,01-JAN-2016,04-APR-2022,1549 days,100000.0,39930.63438152685,-60.06936561847315,247.5314531035736,100.0,36858.508432314826,68.42150290432484,1337 days,95,95,0,0.0,45.26315789473684,7.370796329889075,-45.9251159458071,1.2607275266505276,-2.4629624355203537,2 days 16:11:09.767441860,8 days 20:46:09.230769230,0.40186686229788193,-632.3091117734008,-98.20966874112804,-0.2843001933662117,0.0008072396768306167,-19.026195582697124
BALKRISIND,01-JAN-2016,04-APR-2022,1549 days,100000.0,61113.689248819086,-38.886310751180915,555.2281047159096,100.0,39627.53560655002,62.53174573543397,1048 days,89,89,0,0.0,62.92134831460674,7.671029720432886,-21.00823566425963,1.7370164133051906,-4.133320131267048,2 days 17:08:34.285714285,13 days 04:21:49.090909091,0.6828889233318918,-436.9248399009092,-92.41002674526185,-0.17520079790286003,0.0007962487650817509,-19.01644576687808
BANDHANBNK,27-MAR-2018,04-APR-2022,996 days,100000.0,19200.006343352507,-80.7999936566475,-33.1341092586764,100.0,12537.277094917072,84.76895701246224,887 days,54,54,0,0.0,50.0,6.021477131195798,-45.91119506853763,1.8209300489587428,-6.881227621216832,3 days 21:20:00,14 days 18:40:00,0.260520212510994,-1496.2961788268058,-48.517625321640736,-0.5353334424483015,0.009262580988521871,-18.808430303939797
BANKBARODA,01-JAN-2016,04-APR-2022,1549 days,100000.0,26148.450746497954,-73.85154925350204,-27.00408676516811,100.0,41140.73221004381,84.9219133601336,1321 days,92,92,0,0.0,64.13043478260869,11.019790878796574,-58.47242577740081,2.364833732483322,-6.957047728559982,2 days 16:16:16.271186440,19 days 10:54:32.727272727,0.615995371513259,-802.7342310163269,-66.94000133740992,-0.3191130734972776,0.002850411334928489,-18.937466866518292
BANKINDIA,01-JAN-2016,04-APR-2022,1549 days,100000.0,11556.866752571761,-88.44313324742824,-58.0315296122708,100.0,29669.26010471462,91.78419333173589,1324 days,94,94,0,0.0,54.25531914893617,7.981858594620202,-48.23648468115424,2.305729260557861,-6.840233805689916,2 days 19:17:38.823529411,16 days 13:23:43.255813953,0.4619573036927738,-940.8843962492373,-68.75435988923924,-0.43426739931679587,0.0020550795464047687,-18.94360037744767
BATAINDIA,01-JAN-2016,04-APR-2022,1549 days,100000.0,45845.80900061448,-54.15419099938552,292.06087630864596,100.0,30758.311034675433,62.68204867430687,1513 days,90,90,0,0.0,50.0,4.932067821779497,-30.759571913887733,1.4967128683023307,-2.985216810260865,2 days 16:00:00,10 days 22:56:00,0.44577873006120766,-601.713233326506,-109.25268090836231,-0.26781541240485146,0.0004582814560690944,-19.041305973272827
BERGEPAINT,01-JAN-2016,04-APR-2022,1549 days,100000.0,60030.603983787245,-39.969396016212755,287.1737149595324,100.0,34214.229314759636,46.15735403832355,1523 days,91,91,0,0.0,47.25274725274725,7.855848939070316,-15.178936594177761,1.5265274022559552,-2.3106163127314283,3 days 07:15:20.930232558,9 days 04:00:00,0.5471845918344908,-439.2241320462939,-105.08955564831894,-0.2454649088508694,0.0006685463443455985,-19.036374405110056
BEL,01-JAN-2016,04-APR-2022,1549 days,100000.0,30209.710847038863,-69.79028915296114,75.46174142480196,100.0,28366.97152064744,76.13622678503542,1067 days,96,96,0,0.0,59.375,12.225908891597522,-27.214224951639583,1.6708386706990133,-5.046583783171258,3 days 00:50:31.578947368,14 days 11:41:32.307692307,0.41770304714489476,-726.9821786766785,-79.05946451386613,-0.32280281072403544,0.0010031010119537238,-18.983579949829625
BHARATFORG,01-JAN-2016,04-APR-2022,1549 days,100000.0,60626.62240060728,-39.37337759939272,59.761180579024106,100.0,46492.68876899424,70.66016303209905,1008 days,106,106,0,0.0,60.37735849056604,12.267518998711763,-43.835303964203234,1.9514842957233354,-3.6688141632055484,2 days 20:37:30,12 days 01:08:34.285714285,0.7243242039085975,-371.4469584848373,-82.91828303120529,-0.15742034572446714,0.001950207450618944,-18.995550588455057
BHEL,01-JAN-2016,04-APR-2022,1549 days,100000.0,20285.698644490316,-79.71430135550969,-52.2513824278067,100.0,24079.538885205882,84.72039457869684,1366 days,89,89,0,0.0,56.17977528089888,22.546108565794864,-49.55105836092361,3.2906434535770566,-7.13572890301386,3 days 14:52:48,16 days 21:32:18.461538461,0.474711005833914,-895.6663073652771,-64.08001626301235,-0.3698382148813764,0.004533213916355014,-18.92336449374493
BPCL,01-JAN-2016,04-APR-2022,1549 days,100000.0,40300.44949081797,-59.69955050918203,27.29342440069611,100.0,34895.660867932835,64.75329415967904,1381 days,94,94,0,0.0,48.93617021276596,8.868546823795393,-26.38131836545361,1.9621941019870244,-3.5447882486626803,3 days 08:20:52.173913043,12 days 12:00:00,0.5229056793794332,-635.1016011615114,-79.35099734678865,-0.2977004338573005,0.001384464439460445,-18.98479911948556
BHARTIARTL,01-JAN-2016,04-APR-2022,1549 days,100000.0,109026.71784315376,9.026717843153762,125.49192364170376,100.0,69895.4570477456,38.837651793640134,454 days,124,124,0,0.0,66.93548387096774,7.438875081919803,-18.546690356208288,1.9144906528967578,-3.4025267805982105,2 days 19:22:24.578313253,11 days 07:36:35.121951219,1.0541903089261024,72.79611163833624,-95.53204394981019,0.05297199064401934,0.0009275352120092427,-19.022556744377262
INFRATEL,01-JAN-2016,17-DEC-2020,1229 days,100000.0,101121.16211278473,1.1211621127847322,-43.41412012644881,100.0,60011.41224301725,50.43843653939836,770 days,115,115,0,0.0,58.26086956521739,12.791233467596008,-17.823979628293138,2.0908684052074293,-2.7152504693531543,2 days 22:34:01.791044776,10 days 04:30:00,1.0079394216185324,9.749235763345041,-64.6376773498279,0.006575726187006501,0.003088871937215715,-18.92719729230558
BIOCON,01-JAN-2016,04-APR-2022,1549 days,100000.0,98783.74465910088,-1.2162553408991226,298.8143202486479,100.0,56654.91726002953,39.66712434580375,923 days,108,108,0,0.0,61.111111111111114,12.778145728952179,-11.767170684324766,1.8563022765800024,-2.786490221861826,2 days 23:16:21.818181818,11 days 07:25:42.857142857,0.9903817522700262,-11.26162352684355,-92.90517872615372,-0.007258786826039107,0.0015998301061889012,-19.017785218225097
BBTC,01-JAN-2016,04-APR-2022,1549 days,100000.0,19645.657545539376,-80.35434245446062,85.5606291222736,100.0,27218.60190719349,82.33745356537689,1344 days,90,90,0,0.0,48.888888888888886,7.404665948415766,-28.874132717351326,1.7942282438938768,-4.784963300609725,3 days 22:54:32.727272727,13 days 00:00:00,0.38917527933129653,-892.8260272717844,-76.80396060879791,-0.3868182191316083,0.00194933314450353,-18.975977744373665
BOSCHLTD,01-JAN-2016,04-APR-2022,1549 days,100000.0,30441.32217941257,-69.55867782058743,-22.59376741618089,100.0,28952.93733005043,73.18768278027453,1379 days,92,92,0,0.0,44.565217391304344,8.747619956623105,-28.203707266353607,1.8244078287581258,-3.571212879135249,4 days 06:26:20.487804878,12 days 22:35:17.647058823,0.39253092321827826,-756.0725850063851,-95.89633732535913,-0.3339513920419216,0.0004983827086822199,-19.022160302436657
BRITANNIA,01-JAN-2016,04-APR-2022,1549 days,100000.0,52033.444537200645,-47.966555462799356,118.9927672113587,100.0,34426.021645530156,53.615621242082376,1360 days,83,83,0,0.0,43.373493975903614,9.437191679261423,-14.931115154573401,1.6443884001717288,-2.5456529097435436,2 days 10:40:00,11 days 19:54:53.617021276,0.5047362491689428,-577.9103067807156,-117.44971897166754,-0.2661052946098147,0.0008617526580055028,-19.049904409711207
CESC,01-JAN-2016,04-APR-2022,1549 days,100000.0,34726.53260887772,-65.27346739112228,-84.7521499661803,100.0,34997.77695322109,71.713527419694,1103 days,93,93,0,0.0,50.53763440860215,9.456101593841504,-35.08576721789833,1.396665381856294,-3.4131184799397785,2 days 16:20:25.531914893,13 days 10:26:05.217391304,0.42893380546450244,-701.8652407647554,-89.94803288020022,-0.3076054520740582,0.0007664594993897142,-19.011067821074743
CADILAHC,01-JAN-2016,04-MAR-2022,1529 days,100000.0,49225.75581263207,-50.77424418736792,3.982566877066551,100.0,49488.888378991425,65.54527525671398,1156 days,100,99,1,-17220.99698460068,57.57575757575758,18.692371853569245,-30.253346361825507,2.104590424160978,-3.496982459901742,3 days 06:44:12.631578947,12 days 13:08:34.285714285,0.7781508370778399,-338.92168891684105,-89.19847411747753,-0.23747466297951095,0.001922480060336499,-19.010307145174142
CANBK,01-JAN-2016,04-APR-2022,1549 days,100000.0,15600.284209419915,-84.39971579058009,1.2589173310954438,100.0,26044.182115530915,86.35208724741051,1523 days,94,94,0,0.0,55.319148936170215,7.361792973739442,-58.23224592429075,1.9547656377218379,-5.80137367211138,3 days 01:50:46.153846153,14 days 05:42:51.428571428,0.3588590927213505,-897.8693169210653,-68.60927183768715,-0.41056849524220335,0.001365345620955908,-18.94339366626463
CASTROLIND,01-JAN-2016,04-APR-2022,1549 days,100000.0,20827.402958298757,-79.17259704170124,-53.86672609761565,100.0,24835.85448815344,79.87690535430072,1530 days,98,97,1,-4068.139020160761,48.45360824742268,5.504664743466789,-23.909726449962907,1.5206544438398384,-3.9538406183019426,2 days 04:35:44.680851063,14 days 03:50:24,0.30081829476663324,-774.2727631086645,-100.46740802501797,-0.3869091111876999,0.0008568490418893045,-19.02919602242979
CHOLAFIN,01-JAN-2016,04-APR-2022,1549 days,100000.0,68779.7810519876,-31.220218948012405,447.5929549902155,100.0,37413.54959145439,70.24769122050756,1380 days,97,96,1,-344.32877889150404,68.75,10.209550224650117,-46.02574509202631,1.905618627998424,-4.6194994251035615,3 days 13:49:05.454545454,11 days 05:35:59.999999999,0.7331826693498357,-321.6238559283428,-66.32566179596057,-0.1201638730285144,0.0037147595302636253,-18.93470624254959
CIPLA,01-JAN-2016,04-APR-2022,1549 days,100000.0,54689.88058759925,-45.31011941240075,56.83222705424544,100.0,37009.55630162617,59.51292598168223,1528 days,108,108,0,0.0,49.074074074074076,6.350967962398496,-20.16757198639597,1.5607405566407315,-2.4812396087072903,2 days 19:28:18.113207547,10 days 13:05:27.272727272,0.5377856152462609,-419.53814270741435,-112.07479897515424,-0.22273471053964222,8.037864775249427e-05,-19.04455606100099
CUB,01-JAN-2016,04-APR-2022,1549 days,100000.0,58213.2392405428,-41.786760759457195,78.75851231011019,100.0,54631.23616244032,59.7999194800813,885 days,106,106,0,0.0,65.09433962264151,9.045674430252475,-42.23076253425411,1.5414844210264411,-3.8463788922208684,3 days 03:07:49.565217391,12 days 03:53:30.810810810,0.706660508750573,-394.2147241458222,-94.03318135110297,-0.20016752113383382,0.0005373443111570118,-19.01941202399102
COALINDIA,01-JAN-2016,04-APR-2022,1549 days,100000.0,22272.650086347217,-77.72734991365279,-43.795838946265434,100.0,27106.034674084978,82.10516959332824,1513 days,92,92,0,0.0,46.73913043478261,5.785937584097304,-24.050833687058937,1.4037925257116055,-4.018088027723605,2 days 21:12:33.488372093,14 days 18:36:44.081632653,0.2961699332438009,-844.8624990614435,-95.83468474256009,-0.36299926339740257,0.0001660310917311708,-19.021806434953195
COLPAL,01-JAN-2016,04-APR-2022,1549 days,100000.0,43609.0401239812,-56.3909598760188,59.94369081136484,100.0,34973.10237604316,59.68554306112659,1486 days,100,100,0,0.0,40.0,2.966462198130374,-13.758288132719592,0.8347055029046085,-1.878895550736094,3 days 01:12:00,10 days 02:00:00,0.28107542240637967,-563.9095987601888,-152.65785067037748,-0.2975969595987139,0.0,-19.072249868638536
CONCOR,01-JAN-2016,04-APR-2022,1549 days,100000.0,50567.09300273611,-49.43290699726389,53.27809798270904,100.0,35739.43756799067,68.48758420237233,1442 days,99,99,0,0.0,55.55555555555556,6.556474693095589,-34.62235725835587,1.5822071201999428,-3.2213573087973097,3 days 13:05:27.272727272,11 days 21:49:05.454545454,0.5361776668958179,-499.3222929016556,-92.39344103726765,-0.216724510879686,0.0015462954938780789,-19.016282008027943
COROMANDEL,01-JAN-2016,04-APR-2022,1549 days,100000.0,94930.99352397384,-5.06900647602616,325.0592261121371,100.0,55052.22196992046,43.98985591426649,1032 days,99,99,0,0.0,56.56565656565656,11.434346325579059,-11.226460649269294,1.7363585508017203,-2.277185704100309,3 days 11:34:17.142857142,9 days 22:53:01.395348837,0.953856315152433,-51.202085616426075,-107.67109308470405,-0.02769489686674854,0.00023144240791425573,-19.039895088518204
CROMPTON,27-MAY-2016,04-APR-2022,1451 days,100000.0,57277.8191223325,-42.722180877667505,182.71045677614111,100.0,37369.058047792554,53.79255713830128,1380 days,103,102,1,-3146.1433469036856,50.0,4.601063355240573,-20.563410023328768,1.4740781790063293,-2.3181298869560485,2 days 19:45:52.941176470,8 days 15:03:31.764705882,0.5720314818626646,-388.0003679486646,-101.12397717372271,-0.24315028318001666,0.00033226500103082396,-19.03087044877077
CUMMINSIND,01-JAN-2016,04-APR-2022,1549 days,100000.0,33851.30773338134,-66.14869226661865,8.610897189064271,100.0,30728.252179297255,76.16904825325706,1463 days,99,99,0,0.0,50.505050505050505,7.141126358316486,-32.912741154250384,1.7301077246368282,-3.6441922817042927,3 days 02:52:48,12 days 13:13:28.163265306,0.4343168007614761,-668.1686087537244,-94.93568871636583,-0.2957483725578745,0.0010547784248839324,-19.02057486231689
DLF,01-JAN-2016,04-APR-2022,1549 days,100000.0,61201.73132877852,-38.79826867122148,218.63430686960234,100.0,37632.03563582879,74.29010280485232,1349 days,95,95,0,0.0,66.3157894736842,13.15288800058678,-40.16657807369518,2.657745091995029,-5.976082783375783,2 days 21:42:51.428571428,14 days 19:30:00,0.7667049010582576,-408.402828118122,-61.824519230147374,-0.14706401839151045,0.0031541789580223248,-18.909336981671828
DABUR,01-JAN-2016,04-APR-2022,1549 days,100000.0,62587.36414249162,-37.41263585750838,97.0513748191027,100.0,42454.94475774662,44.62919896851781,1415 days,108,108,0,0.0,51.85185185185185,8.748570536404776,-15.557587885125898,1.1478603721358902,-2.04950054669529,2 days 17:34:17.142857142,9 days 01:23:04.615384615,0.5669631647674428,-346.4132949769301,-131.159465927688,-0.23424698507315236,0.0003685231330164563,-19.060847944109362
DALBHARAT,05-FEB-2019,04-APR-2022,783 days,100000.0,32456.783363630748,-67.54321663636925,50.5825057295642,100.0,12449.051912889336,71.54135914391097,696 days,38,38,0,0.0,50.0,7.658056050472766,-36.67368156968995,1.6566643682821292,-6.777607206120242,2 days 08:50:31.578947368,15 days 00:00:00,0.2357136279997867,-1777.4530693781376,-71.81140687608651,-0.5705461874560417,0.0014335692293357585,-18.956861597438134
DIVISLAB,01-JAN-2016,04-APR-2022,1549 days,100000.0,74529.30797700469,-25.470692022995312,286.89032258064634,100.0,34052.19162853903,55.64174363926651,1527 days,97,97,0,0.0,60.824742268041234,10.964533278746355,-34.740769414354716,1.5992559055497484,-2.9527657058830528,2 days 13:01:01.016949152,10 days 21:28:25.263157894,0.7144461045515869,-262.5844538453124,-98.83815623012798,-0.12028177690025833,0.0007982235792796283,-19.027654746437992
DRREDDY,01-JAN-2016,04-APR-2022,1549 days,100000.0,35207.445593959186,-64.79255440604081,38.877629801196264,100.0,31869.232133170182,67.32600533387436,1523 days,97,97,0,0.0,37.11340206185567,5.539938438881885,-16.25459192479045,1.4420137764259862,-2.439846881052151,2 days 16:00:00,10 days 06:17:42.295081967,0.34520510677845834,-667.9644784127918,-110.20541811026646,-0.32389371664762034,0.0005019598184688361,-19.04223529168312
EDELWEISS,01-JAN-2016,04-APR-2022,1549 days,100000.0,7997.725213577214,-92.00227478642279,9.051724137931005,100.0,31883.378349064944,94.82385353728067,1033 days,87,87,0,0.0,54.02298850574713,8.299740442107913,-56.958445141898096,2.6273720827451013,-7.944522684924528,3 days 05:06:22.978723404,14 days 22:48:00,0.516665110560009,-1057.4974113381945,-54.557656880747864,-0.47304384250650733,0.0040352982634989,-18.85035853080998
EICHERMOT,01-JAN-2016,04-APR-2022,1549 days,100000.0,32156.453799150753,-67.84354620084925,44.434498023988624,100.0,32165.182396075383,72.94986392243614,1462 days,94,94,0,0.0,46.808510638297875,8.603228849466548,-30.628239963786868,1.7072997421799532,-3.5030192399478715,3 days 01:38:10.909090909,11 days 17:45:36,0.41979901757718174,-721.7398532005246,-86.8750565073227,-0.32157567453829233,0.0008118465641531292,-19.00429663795538
EMAMILTD,01-JAN-2016,04-APR-2022,1549 days,100000.0,25285.036832060796,-74.7149631679392,-54.24859728049354,100.0,27043.58529213991,82.68328195473825,1337 days,93,92,1,-1886.9506634262398,45.65217391304348,10.46334776266882,-35.66106561485733,1.924246770674761,-3.8221141299617774,3 days 23:25:42.857142857,12 days 08:38:24,0.37227283880553697,-791.6088315707925,-88.72899170504773,-0.33470131226314925,0.0014539940885450319,-19.00819740624954
ENDURANCE,19-OCT-2016,04-APR-2022,1354 days,100000.0,27210.840259111283,-72.78915974088872,79.16215798423207,100.0,30167.86792528801,77.59235347735348,1042 days,83,82,1,-12225.325659040256,60.97560975609756,6.856929558793766,-39.56598132525961,1.3879804859418732,-4.483948214707727,2 days 11:31:12,12 days 08:15:00,0.4338200311744059,-738.5833424615669,-87.61785678423364,-0.38137683883498485,0.001344506006434087,-19.005654889559505
ENGINERSIN,01-JAN-2016,04-APR-2022,1549 days,100000.0,25732.67182695988,-74.26732817304013,-45.92205705102431,100.0,37009.542975155506,80.60760099261664,1273 days,105,105,0,0.0,42.857142857142854,5.269463341133827,-37.17504021197007,1.7607064777304429,-3.2856705288760786,2 days 17:04:00,11 days 16:24:00,0.446306370745546,-707.3078873622867,-86.17503264192167,-0.33960208798996827,0.00032478903660743456,-19.00245217289414
ESCORTS,01-JAN-2016,04-APR-2022,1549 days,100000.0,38693.72174580251,-61.30627825419749,937.0446533490124,100.0,25144.806443443675,73.47400208911972,1348 days,89,88,1,-935.0843960512575,47.72727272727273,11.413618399752732,-29.46422556898999,2.1749441609039826,-3.6667441649163743,2 days 13:08:34.285714285,10 days 06:15:39.130434782,0.44121746322498234,-686.0362938425708,-73.32219733614859,-0.27284847254740013,0.002809583884128908,-18.964633414017147
EXIDEIND,01-JAN-2016,04-APR-2022,1549 days,100000.0,42552.847241238574,-57.44715275876142,7.799253984401622,100.0,43097.40481477154,68.30997680591786,1339 days,100,100,0,0.0,51.0,6.224608696553855,-22.26025177962976,1.4817285293192457,-3.087951276972617,2 days 09:52:56.470588235,12 days 01:57:33.061224489,0.5331484826096512,-574.4715275876138,-105.38853779408316,-0.26695916797824415,0.0001348132104049385,-19.036532999598123
FEDERALBNK,01-JAN-2016,04-APR-2022,1549 days,100000.0,33233.90431939668,-66.76609568060331,79.98244073748941,100.0,28672.800851474294,77.18246807451911,1336 days,92,92,0,0.0,55.434782608695656,12.097897420627547,-46.23307236855475,1.8885051253220535,-4.468035246571418,2 days 19:17:38.823529411,12 days 14:02:55.609756097,0.4406037190634225,-725.7184313109057,-76.54086715496338,-0.29620941319609745,0.002192053950643984,-18.976006552426888
FORTIS,01-JAN-2016,04-APR-2022,1549 days,100000.0,87976.01596337126,-12.02398403662874,48.98785425101187,100.0,54217.79243482015,43.26096436491621,886 days,111,111,0,0.0,56.75675675675676,7.606847952852297,-15.82222566490671,1.5693571173955378,-2.222558549130105,3 days 16:22:51.428571428,10 days 23:00:00,0.8882029438976731,-108.32418051016953,-81.25574875247221,-0.06873472048306561,0.0021425642196001115,-18.991300153105662
FCONSUMER,25-OCT-2016,04-APR-2022,1350 days,100000.0,9236.612812373365,-90.76338718762663,-78.03837953091679,100.0,22800.142956978874,94.08067713947425,1044 days,80,79,1,-3200.6085228364773,60.75949367088608,16.017206982543637,-64.8769938361643,3.0313717775760276,-9.32987161476589,3 days 23:30:00,18 days 07:44:30.967741935,0.4277704953481925,-1108.3896033517735,-50.12912285914372,-0.5046982021022071,0.009859414191013409,-18.804858286693687
FRETAIL,13-DEC-2017,04-APR-2022,1066 days,100000.0,4450.2675467253575,-95.54973245327464,-93.64277544796036,100.0,17529.70742071688,96.20089888049583,928 days,67,66,1,-1758.9951863068045,45.45454545454545,15.159876471611689,-70.68542738897438,2.8493342726117334,-7.868028292986427,3 days 04:48:00,15 days 09:20:00,0.2948105680447412,-1421.0717767722408,-51.58515512714902,-0.6813732451519985,0.005536412910838115,-18.81680953627018
GAIL,01-JAN-2016,04-APR-2022,1549 days,100000.0,46394.80378336192,-53.605196216638085,55.49572074237854,100.0,44067.9830051974,60.91774954371763,881 days,104,104,0,0.0,49.03846153846153,6.947568257755819,-31.8139679870092,1.6608656123135144,-2.809438709303965,3 days 03:45:52.941176470,10 days 06:20:22.641509433,0.5657535264409809,-515.434579006135,-91.24910987928455,-0.2717350008882095,0.0009862572322225207,-19.014010135830844
GMRINFRA,01-JAN-2016,04-APR-2022,1549 days,100000.0,78337.65889219688,-21.662341107803122,137.68996960486365,100.0,52781.98127515406,48.94403565001305,1029 days,112,112,0,0.0,66.96428571428571,12.964618270836665,-25.810629675810446,1.9615426699078036,-4.306333716537025,3 days 04:09:36,12 days 22:42:09.729729729,0.8644319761592388,-193.41375989109997,-72.61447686940255,-0.11422243882695615,0.0017619860667900103,-18.962694981472264
GICRE,25-OCT-2017,04-APR-2022,1101 days,100000.0,16285.00010935939,-83.71499989064061,-72.73247169163892,100.0,14507.285142636223,84.86794307132863,904 days,59,59,0,0.0,49.152542372881356,8.077198829848482,-47.950923026403444,1.8103268039058547,-6.7781343425326295,3 days 01:39:18.620689655,19 days 17:36:00,0.2127943416299424,-1418.8983032311971,-74.50364139707249,-0.5327202344281416,0.0022687178484491416,-18.966749543891588
GLENMARK,01-JAN-2016,04-APR-2022,1549 days,100000.0,17159.924945064384,-82.84007505493561,-50.17591339648148,100.0,25170.75024709504,85.04838966068438,1299 days,96,96,0,0.0,53.125,3.822113315276001,-39.48427758728179,1.289463970588736,-4.81949025140649,3 days 04:14:07.058823529,14 days 01:04:00,0.29950854664665566,-862.9174484889124,-86.77443315539189,-0.3996287132957747,0.0003776207252500252,-19.00346346691828
GODREJAGRO,16-OCT-2017,04-APR-2022,1107 days,100000.0,46000.85953629915,-53.999140463700854,-8.352220263577603,100.0,24503.57345162434,65.40343581862498,1080 days,73,73,0,0.0,42.465753424657535,11.78874347939087,-34.907886533665824,2.0740810981176616,-3.0726024017763245,4 days 02:19:21.290322580,10 days 03:25:42.857142857,0.40262720888197623,-739.7142529274083,-91.17885821937935,-0.3453670838522501,0.0018707832542897743,-19.01397617145155
GODREJCP,01-JAN-2016,04-APR-2022,1549 days,100000.0,48168.705929627366,-51.831294070372635,72.27003464848609,100.0,50048.2666812835,66.94472103522176,885 days,104,104,0,0.0,54.807692307692314,4.750582774320981,-20.3959970205623,1.2123216480947119,-2.8499412510655624,3 days 03:22:06.315789473,10 days 10:12:45.957446808,0.5780724085629296,-498.377827599737,-102.64496085787401,-0.23620110104582648,3.281233000537546e-05,-19.032938301262394
GODREJIND,01-JAN-2016,04-APR-2022,1549 days,100000.0,26423.123938467936,-73.57687606153206,23.633524206142553,100.0,26840.127948110177,74.99844965245494,1528 days,93,92,1,-8498.63089844177,47.82608695652174,10.312170458936833,-36.47924866457306,1.9402628978397383,-3.6102738645220227,3 days 04:54:32.727272727,10 days 23:30:00,0.39680282902273073,-707.3722300335903,-101.80337656454769,-0.3589403436856619,0.0006333863688621296,-19.031325031347528
GODREJPROP,01-JAN-2016,04-APR-2022,1549 days,100000.0,38379.40974168112,-61.62059025831888,399.0356083086065,100.0,28646.65023979598,65.34353400271011,1524 days,82,82,0,0.0,58.536585365853654,7.154052249414882,-39.708822188360536,2.0166852424181867,-5.047045230485738,3 days 11:00:00,14 days 14:49:24.705882353,0.5064011033202092,-751.4706129063281,-74.38178333762723,-0.309147393078319,0.0018334381512265607,-18.96835809062075
GRAPHITE,01-JAN-2016,04-APR-2022,1549 days,100000.0,12285.402343051115,-87.71459765694888,528.9611143354595,100.0,25948.0266043575,91.67703267216739,883 days,81,81,0,0.0,50.617283950617285,7.891691786592836,-51.92738346441587,2.688910306895351,-6.707593877615703,2 days 23:24:52.682926829,14 days 19:12:00,0.46118878082009834,-1082.8962673697388,-64.7750408848508,-0.4252568618483501,0.002330156069760766,-18.923628196490405
GRASIM,01-JAN-2016,04-APR-2022,1549 days,100000.0,42874.196062504,-57.125803937496,122.90491672749,100.0,32636.55542979881,68.41629478646658,1354 days,89,89,0,0.0,61.79775280898876,5.758830827284448,-30.738534661300665,1.39865530305257,-4.3866803291738385,3 days 09:36:00,13 days 17:38:49.411764705,0.48134357415393936,-641.8629655898425,-90.17868797482693,-0.2644237962307776,0.0014078661097083399,-19.011732183379593
GSPL,01-JAN-2016,04-APR-2022,1549 days,100000.0,68909.02039001697,-31.090979609983027,92.65119549929788,100.0,51830.146594478785,50.30475844475145,1041 days,116,116,0,0.0,55.172413793103445,4.945255662496658,-23.154976758471456,1.4789308153313594,-2.4096535364334186,3 days 01:30:00,10 days 15:13:50.769230769,0.7233922468950925,-268.0256862929573,-97.11109664203157,-0.1669966177305762,0.0002540872461862859,-19.02483772505103
HEG,01-JAN-2016,04-APR-2022,1549 days,100000.0,14165.950240274717,-85.83404975972529,681.4558538610574,100.0,27038.904790585773,90.77935033665257,885 days,84,84,0,0.0,61.904761904761905,9.92291629968754,-46.27203373460544,2.2255183293997085,-8.231268426492557,3 days 10:36:55.384615384,16 days 15:00:00,0.440897584578022,-1021.8339257110154,-54.93527033459822,-0.4065222543738598,0.008074117463022402,-18.856377516674698
HCLTECH,01-JAN-2016,04-APR-2022,1549 days,100000.0,55898.56851124582,-44.10143148875418,180.67292459744917,100.0,41986.92851464053,52.61024724739581,1472 days,105,105,0,0.0,50.476190476190474,5.3693125786800415,-23.019335692106342,1.1841584020598337,-2.210399046544966,3 days 00:00:00,9 days 00:00:00,0.5166010544033341,-420.0136332262302,-118.6679866328795,-0.2434434384437632,0.00042952853398259885,-19.051061050096447
HDFCAMC,06-AUG-2018,04-APR-2022,905 days,100000.0,42378.87592283931,-57.62112407716069,29.684187339959543,100.0,17335.16443102815,63.81403948079263,886 days,56,56,0,0.0,48.214285714285715,5.035665318774782,-25.435755973748176,1.8430477166339037,-4.264764368881236,2 days 19:33:20,12 days 12:24:49.655172413,0.32422931737341165,-1028.9486442350121,-91.58217752950856,-0.45862507808430053,0.000354453673045491,-19.01404451411842
HDFCBANK,01-JAN-2016,04-APR-2022,1549 days,100000.0,54746.92939724532,-45.253070602754676,204.34902411021793,100.0,38621.969930580715,52.98940396530297,1527 days,104,104,0,0.0,32.69230769230769,5.859922706768259,-24.952899612207,1.400673307906032,-1.4647685259566505,2 days 17:38:49.411764705,6 days 13:42:51.428571428,0.4084897048654092,-435.1256788726416,-124.22541486001863,-0.249753349008398,0.0008207512944415255,-19.05574458403159
HDFCLIFE,17-NOV-2017,04-APR-2022,1084 days,100000.0,46215.552893991284,-53.78444710600871,65.93151479976748,100.0,27134.502922890933,62.66000056976962,1011 days,75,75,0,0.0,34.66666666666667,5.876935817509276,-22.212777853636805,1.76103885916968,-2.3411720528321918,2 days 12:00:00,9 days 07:20:48.979591836,0.376822638371687,-717.1259614134494,-89.21733002824959,-0.36525338816027103,0.0023012463289673385,-19.009521421951113
HAVELLS,01-JAN-2016,04-APR-2022,1549 days,100000.0,56754.11609435967,-43.24588390564033,267.9812938425563,100.0,38119.66131440054,49.45731131167023,1351 days,91,91,0,0.0,57.14285714285714,11.039124105907524,-17.828506803183487,1.3653586468620995,-3.0826950128359636,2 days 20:46:09.230769230,11 days 23:23:04.615384615,0.5709321465762693,-475.22949346857547,-102.64751538090272,-0.25264179522425284,0.0005992283222211556,-19.033055403146896
HEROMOTOCO,01-JAN-2016,04-APR-2022,1549 days,100000.0,29349.831446075827,-70.65016855392417,-13.934960257627305,100.0,36259.873885185,75.10985966673805,1361 days,102,101,1,-4726.315577938742,43.56435643564357,10.359379085422601,-26.64581172399093,1.5949259824616484,-2.93126544212643,3 days 01:05:27.272727272,10 days 21:53:41.052631578,0.40508015836002814,-652.7114156038151,-100.55430307664395,-0.33402341583362366,0.000970775697910445,-19.0295737924019
HEXAWARE,01-JAN-2016,30-OCT-2020,1196 days,100000.0,64757.14510538013,-35.242854894619875,94.14432989690727,100.0,37193.73269177834,57.74380550270669,569 days,79,79,0,0.0,55.69620253164557,6.397175564568899,-27.90700223790841,2.074852018838538,-3.470828392785965,3 days 03:49:05.454545454,10 days 15:05:08.571428571,0.7129551117968684,-446.11208727366943,-86.35256278451273,-0.21507720485653112,0.0009656401725583508,-19.00366731605158
HINDALCO,01-JAN-2016,04-APR-2022,1549 days,100000.0,93962.59825560535,-6.037401744394651,591.9905771495871,100.0,54145.233145542006,62.44377625482056,808 days,106,105,1,2422.8660799062345,68.57142857142857,8.691679347956008,-46.37480901252711,2.0643624700284304,-4.116032329330961,2 days 21:20:00,11 days 23:16:21.818181818,0.9453362168596046,-80.57397927905618,-81.00172616104935,-0.023327714690085207,0.0012597397443381414,-18.99064178119374
HINDPETRO,01-JAN-2016,04-APR-2022,1549 days,100000.0,49734.068825895236,-50.265931174104765,47.40447957839211,100.0,36439.04223631119,59.1982939319596,1099 days,92,92,0,0.0,60.86956521739131,7.8045375543730495,-18.239741779272727,1.823546854954397,-4.503740246685575,3 days 22:17:08.571428571,15 days 09:20:00,0.6074759304784584,-546.3688171098339,-71.8843883345036,-0.2563519969339085,0.002364300931460872,-18.959197279403554
HINDUNILVR,01-JAN-2016,04-APR-2022,1549 days,100000.0,44189.1852347604,-55.810814765239606,148.49103963574785,100.0,35174.8846685637,60.636517190640724,1472 days,85,85,0,0.0,43.529411764705884,7.598627551931131,-15.060260379683738,1.0224459272397017,-2.3901803192502453,2 days 14:55:08.108108108,11 days 09:30:00,0.36731700927426836,-656.597820767525,-144.0562563723503,-0.2886996725844217,0.0006436884855147962,-19.068244150808226
HINDZINC,01-JAN-2016,04-APR-2022,1549 days,100000.0,57089.90875488293,-42.91009124511707,117.93496480053709,100.0,32799.438348862896,64.47978836453008,1312 days,86,86,0,0.0,51.162790697674424,11.041248587965868,-27.633062470941283,1.8391995472284932,-3.0084256596431396,4 days 01:05:27.272727272,12 days 03:25:42.857142857,0.5822468476914083,-498.9545493618267,-100.11995525948656,-0.1918936521876021,0.000711396635127767,-19.029408849452224
HUDCO,19-MAY-2017,04-APR-2022,1209 days,100000.0,14198.113789197407,-85.80188621080259,-51.68849069607159,100.0,17101.850107936712,87.24887656353575,1153 days,66,66,0,0.0,43.93939393939394,4.202510523236355,-43.42508059120492,1.439227713032036,-5.761820587827039,3 days 04:57:55.862068965,15 days 02:35:40.540540540,0.18263494673057432,-1300.028578951554,-80.70188610102065,-0.5103816489277582,0.0020114054715086507,-18.987592178698616
HDFC,01-JAN-2016,04-APR-2022,1549 days,100000.0,60725.74263341372,-39.274257366586276,112.964360920179,100.0,49524.45547168057,46.931679932422746,1524 days,117,117,0,0.0,49.572649572649574,4.467204816630313,-28.909108656084285,1.1846697693067332,-1.8837235400604553,3 days 05:47:35.172413793,7 days 17:53:53.898305084,0.5802890195172746,-335.6774133896257,-96.69791608254128,-0.23628238177160088,0.0009331148325673471,-19.02405837120756
ICICIBANK,01-JAN-2016,04-APR-2022,1549 days,100000.0,86174.41326960274,-13.825586730397262,212.2673470241319,100.0,50930.474944592315,47.43899253230756,551 days,109,109,0,0.0,54.12844036697248,9.614791134787804,-29.901271050927917,1.916980579815089,-2.3430335117203387,3 days 05:17:17.288135593,8 days 22:04:48,0.8803951263765174,-126.84024523300229,-82.87943079405156,-0.07262873403961055,0.0021714556554514367,-18.995507627485694
ICICIGI,27-SEP-2017,04-APR-2022,1119 days,100000.0,94699.10899604276,-5.300891003957236,98.17234292425121,100.0,47703.69866567375,39.06400072516714,212 days,88,88,0,0.0,63.63636363636363,9.392640474313017,-19.340166738195574,1.3717422890328996,-2.422897676786691,2 days 20:34:17.142857142,10 days 10:30:00,0.937958461102858,-60.23739777224125,-92.22391761587437,-0.04507712632948053,0.0019466112045305162,-19.016493342024297
ICICIPRULI,29-SEP-2016,04-APR-2022,1366 days,100000.0,70970.45141469693,-29.029548585303072,71.11409847084515,100.0,39223.14830728755,58.51442825861014,1163 days,86,86,0,0.0,59.30232558139535,11.07912315111792,-26.860306553541292,2.1938914490234525,-3.830923956510591,3 days 02:49:24.705882352,13 days 10:17:08.571428571,0.7683080281707134,-337.5528905267802,-77.8903648718612,-0.14962722364707537,0.0030455159210575804,-18.984570024382585
IDBI,01-JAN-2016,04-APR-2022,1549 days,100000.0,24159.28205629287,-75.84071794370713,-49.999999999999666,100.0,32335.557172068617,80.44194236291722,1261 days,108,108,0,0.0,51.85185185185185,8.826979189083122,-37.39475359555976,2.260898085073386,-4.634531326542413,3 days 18:00:00,11 days 22:36:55.384615384,0.4840350467250134,-702.2288698491401,-62.475769066493804,-0.3536244949352823,0.00451375690954563,-18.91152534801603
IDFCFIRSTB,16-JAN-2019,04-APR-2022,797 days,100000.0,32435.281211472888,-67.56471878852712,-9.720785935884368,100.0,15506.288122428561,71.23773536527844,734 days,49,49,0,0.0,53.06122448979592,6.826777945646848,-41.42919694628458,1.6951340401572594,-5.9859032593990715,2 days 20:18:27.692307692,13 days 10:26:05.217391304,0.2697971733631659,-1378.871812010756,-62.094895015863955,-0.5655421421492641,0.0012870751627709557,-18.9078975976905
ITC,01-JAN-2016,04-APR-2022,1549 days,100000.0,33774.865830620314,-66.22513416937969,17.001786286813214,100.0,32210.430338702332,71.78470305467144,1370 days,88,88,0,0.0,51.13636363636363,5.8618908707798,-28.78154464436518,1.0319242316835424,-3.3806755574270584,3 days 22:24:00,14 days 13:57:12.558139534,0.3440508639935464,-752.5583428338604,-109.06458599678544,-0.3143863605629096,0.00040793480451512784,-19.040899034959438
IBULHSGFIN,01-JAN-2016,04-APR-2022,1549 days,100000.0,3958.4345050771662,-96.04156549492284,-76.44260178073829,100.0,20137.825051899254,96.83849963925533,1530 days,91,91,0,0.0,61.53846153846154,13.681854188059276,-57.34289582111647,2.3041135292200834,-10.552913354229137,3 days 01:42:51.428571428,17 days 04:48:00,0.2666918051229796,-1055.4018186255257,-44.74778396398419,-0.5501684543058731,0.009629947775661873,-18.728550642487
IBVENTURES,30-OCT-2018,27-OCT-2020,494 days,100000.0,16626.418461480644,-83.37358153851936,-53.894457191160484,100.0,5518.937111504803,85.01174903963386,475 days,20,19,1,-4166.553875282112,57.89473684210527,15.529975810693951,-56.75142430093286,4.056681797256726,-19.425938692926337,3 days 08:43:38.181818181,28 days 15:00:00,0.1992889603353279,-4168.790929644066,-42.02158403489501,-0.8638472976198541,0.012134211023208982,-18.67220519636598
INDIANB,01-JAN-2016,04-APR-2022,1549 days,100000.0,10581.818109161439,-89.41818189083857,40.57466260339633,100.0,25220.375029117255,91.26138442629419,1208 days,87,87,0,0.0,56.32183908045977,7.240545005008868,-48.684666770122455,2.0335615963588247,-7.466750716709929,3 days 07:20:48.979591836,17 days 08:12:37.894736842,0.40296460585725796,-1027.79519414757,-65.46968897204825,-0.4503011260577837,0.0029180639656472573,-18.927147880817053
INDHOTEL,01-JAN-2016,04-APR-2022,1549 days,100000.0,40337.67837100698,-59.66232162899302,98.5056039850566,100.0,37912.85636810075,66.61288998843102,1523 days,109,109,0,0.0,60.550458715596335,4.89298090116079,-46.102250623441364,1.1762531300225134,-3.424141044392244,3 days 16:00:00,11 days 14:30:41.860465116,0.46976924492222405,-547.3607488898443,-79.76640349657077,-0.28912600080021134,0.0010137979380775448,-18.98602823224296
IOC,01-JAN-2016,04-APR-2022,1549 days,100000.0,35176.94730395969,-64.8230526960403,12.916628196841828,100.0,33970.727948311935,69.41184929336922,1200 days,94,94,0,0.0,54.25531914893617,4.503633653762114,-26.539166978925728,1.6067257969749966,-4.068313577243508,2 days 12:14:07.058823529,15 days 08:22:19.534883721,0.46819873695615916,-689.6069435748974,-95.30705989714876,-0.31439064585398263,0.0,-19.021259094285906
IGL,01-JAN-2016,04-APR-2022,1549 days,100000.0,48044.9118997306,-51.9550881002694,271.9043552519219,100.0,38243.352845829424,57.673361193541716,1530 days,93,93,0,0.0,48.38709677419355,6.214612689728968,-25.918567390325393,1.6994703551221502,-2.888110021395974,2 days 19:12:00,10 days 09:00:00,0.5389644736674623,-558.6568612932195,-102.99824924670386,-0.27505679403991456,0.0001993193951291158,-19.033426048987046
INDUSINDBK,01-JAN-2016,04-APR-2022,1549 days,100000.0,28510.43194391858,-71.48956805608142,2.4225761269909274,100.0,35098.44418171329,86.93401519804688,1356 days,104,104,0,0.0,57.692307692307686,7.591117708359814,-64.48226847321946,2.01132334769169,-4.494977048754983,2 days 21:12:00,10 days 09:49:05.454545454,0.4505283290127972,-687.3996928469375,-56.252229446652336,-0.2944636120649817,0.007234713726410967,-18.892349367512317
NAUKRI,01-JAN-2016,04-APR-2022,1549 days,100000.0,141335.8212573683,41.33582125736831,432.40340909090753,100.0,74872.84551174928,37.45955440510308,268 days,117,117,0,0.0,66.66666666666666,8.216861448954777,-12.07500214793511,1.6856629722936074,-2.3485369898982067,3 days 04:36:55.384615384,8 days 23:23:04.615384615,1.3213424936609497,353.29761758434506,-85.16151283775935,0.22674523550421583,0.0019531732059944944,-19.001836073397122
INFY,01-JAN-2016,04-APR-2022,1549 days,100000.0,82629.74260432452,-17.370257395675477,240.73142484890107,100.0,45734.337260438864,47.69455880764418,1434 days,105,105,0,0.0,58.0952380952381,5.761014754334748,-18.717769413897376,1.2481432758505,-2.0468963635883908,3 days 08:39:20.655737704,8 days 10:54:32.727272727,0.7880769263269369,-165.43102281595702,-111.5554764870636,-0.09217769736370121,0.0006175633033750018,-19.044241186956818
INDIGO,01-JAN-2016,04-APR-2022,1549 days,100000.0,66762.76520786711,-33.23723479213289,49.95347798578322,100.0,39758.79505045061,63.615187309512955,1458 days,105,105,0,0.0,63.8095238095238,8.379111267058503,-23.39761694518151,2.131325117488543,-4.4381158803524885,3 days 07:52:50.149253731,12 days 19:34:44.210526315,0.7464962188895679,-316.54509325840843,-74.61236908258675,-0.14275111526083498,0.0011530338395924346,-18.969906335228448
IPCALAB,01-JAN-2016,04-APR-2022,1549 days,100000.0,55703.80257602504,-44.29619742397496,38.81853697965765,100.0,28231.542012377206,53.80172021285775,1529 days,93,93,0,0.0,53.76344086021505,5.6960954059543125,-22.907012467083124,1.8409767099077192,-3.299654462582688,3 days 05:45:36,12 days 04:27:54.418604651,0.5528584305186821,-476.3031981072578,-106.85523928937636,-0.23938457081252007,0.0005204018664326642,-19.03855972419639
JSWENERGY,01-JAN-2016,28-JUL-2021,1379 days,100000.0,66142.05128901718,-33.857948710982825,192.49855741488759,100.0,37894.26182100606,55.79342163148146,1360 days,101,101,0,0.0,63.366336633663366,10.548645165609466,-31.725832477629417,1.7435559681941393,-3.7234060155313395,3 days 03:45:00,12 days 11:40:32.432432432,0.7040575115558914,-335.22721496022587,-84.88317144656257,-0.18575392325596696,0.0006318327696386713,-19.000250900502397
JSWSTEEL,01-JAN-2016,04-APR-2022,1549 days,100000.0,119313.95128836224,19.313951288362237,613.4371957156775,100.0,59294.88370770476,58.12108000725424,941 days,113,113,0,0.0,69.02654867256636,7.388436645802941,-34.55439300474434,1.9607480039146303,-3.4447384302570945,2 days 19:04:36.923076923,10 days 08:13:42.857142857,1.145094862812713,170.91992290586063,-87.15349763249208,0.0731031494022515,0.0009020002663292393,-19.006196881912615
JINDALSTEL,01-JAN-2016,04-APR-2022,1549 days,100000.0,60361.72971411561,-39.63827028588439,481.15711252653506,100.0,47119.944830258195,77.45870026303085,961 days,104,104,0,0.0,60.57692307692307,9.545497252718864,-46.33926868078515,2.6795126949582055,-4.711241935780294,2 days 17:54:17.142857142,12 days 00:00:00,0.7896057808362976,-381.13721428735084,-54.21982324505151,-0.14478688035293139,0.005228837743148294,-18.856966409209075
JUBLFOOD,01-JAN-2016,04-APR-2022,1549 days,100000.0,38293.75878526132,-61.706241214738675,276.70909948137694,100.0,24026.0646701153,68.74292001462943,1530 days,92,92,0,0.0,56.52173913043478,10.184558250619395,-27.05177263643666,1.7758994914522177,-4.346262959138486,3 days 00:55:23.076923076,11 days 20:24:00,0.42224208032102956,-670.7200132036814,-80.09359981849978,-0.2944708014668678,0.0017049336355884077,-18.987550280321734
JUBILANT,01-JAN-2016,03-FEB-2021,1261 days,100000.0,24309.52293522819,-75.69047706477181,144.74406395418237,100.0,23112.69998901159,85.3501221423777,1235 days,78,78,0,0.0,53.84615384615385,5.49916008857304,-38.6776581944623,1.824861087325678,-5.385813530281001,2 days 22:17:08.571428571,13 days 14:40:00,0.36136910900325425,-970.3907315996386,-71.51119480134234,-0.39359519158781653,0.0011381255666898498,-18.956244539070063
KOTAKBANK,01-JAN-2016,04-APR-2022,1549 days,100000.0,70633.02619154804,-29.366973808451963,152.46476452389115,100.0,44419.666725417715,35.51094703510222,1399 days,103,103,0,0.0,49.51456310679612,7.361483708648334,-14.549895684616637,1.4891771160088452,-2.037166560842699,3 days 05:10:35.294117647,8 days 12:55:23.076923076,0.6825550235941024,-285.1162505674955,-106.46558002930071,-0.22150381388551363,0.0006157384456884623,-19.038231085883986
L&TFH,01-JAN-2016,04-APR-2022,1549 days,100000.0,20208.280910399233,-79.79171908960076,29.612756264237404,100.0,24597.618257709353,83.88588947955907,1097 days,85,85,0,0.0,55.294117647058826,7.841774380841795,-45.24967562059315,2.099557058974501,-6.071188046811236,3 days 04:35:44.680851063,14 days 20:12:37.894736842,0.40671540699912545,-938.726106936479,-67.24918045568202,-0.3742546039148353,0.0017681819901994619,-18.937308836823505
LTTS,23-SEP-2016,04-APR-2022,1370 days,100000.0,73716.2248013288,-26.283775198671194,497.7272727272724,100.0,36502.862819027134,50.82296090693092,1012 days,86,86,0,0.0,58.139534883720934,13.77417024790382,-28.05404831643064,1.7299748755645172,-2.97205128284205,2 days 20:09:36,10 days 05:19:59.999999999,0.7288448149426883,-305.625293007804,-86.45128633183268,-0.15353746666512533,0.0023603071947434556,-19.00468456313205
LICHSGFIN,01-JAN-2016,04-APR-2022,1549 days,100000.0,27648.852701747004,-72.351147298253,-24.2254352316318,100.0,27291.33150687479,81.42724645745841,1530 days,99,99,0,0.0,57.57575757575758,8.525707724360004,-41.28960850752031,1.9883760461953999,-5.1766956924041825,2 days 15:09:28.421052631,13 days 20:00:00,0.3994076095285368,-730.8196696793227,-76.13378744287245,-0.32096055752573527,0.002080716247176606,-18.974079594468243
LTI,21-JUL-2016,04-APR-2022,1413 days,100000.0,87843.44814386508,-12.156551856134916,803.1465022935782,100.0,42999.96279362844,39.68404283566731,877 days,87,87,0,0.0,67.81609195402298,8.983403475125625,-23.338666465209993,1.637678358407873,-3.6183257920105953,3 days 00:24:24.406779661,11 days 01:42:51.428571428,0.8855461098216685,-139.7304811049985,-104.38231101650577,-0.08297293704351502,0.0006626229373825539,-19.035701327415616
LT,01-JAN-2016,04-APR-2022,1549 days,100000.0,63422.35519443094,-36.577644805569065,112.49723666910967,100.0,46483.105422646935,60.46910628241903,1348 days,106,106,0,0.0,56.60377358490566,7.49104712090307,-32.39456859734306,1.3037852540906856,-2.475208972096942,3 days 05:36:00,10 days 06:46:57.391304347,0.6372127661958462,-345.0721208072549,-109.06347836420252,-0.16825413896808428,0.0006347832715063665,-19.041286996084064
LUPIN,01-JAN-2016,04-APR-2022,1549 days,100000.0,28694.846035428374,-71.30515396457162,-57.15756672537589,100.0,28473.89667163737,76.44469696127268,1497 days,100,100,0,0.0,56.00000000000001,7.812654319194359,-16.164438672247854,1.3012457562079396,-4.247264128884134,2 days 18:25:42.857142857,15 days 11:27:16.363636363,0.3449652772769734,-713.0515396457164,-97.57016614561175,-0.3333885138333566,0.0007666681063437814,-19.024909739641828
MRF,01-JAN-2016,04-APR-2022,1549 days,100000.0,52123.68342387853,-47.87631657612147,65.53968161983994,100.0,43531.43821102571,52.3852312157422,972 days,106,106,0,0.0,47.16981132075472,10.238426802172992,-17.726324098188137,1.6165113830774653,-2.4699225715007955,3 days 14:24:00,10 days 08:34:17.142857142,0.5787069782172375,-451.6633639256746,-116.49251564937494,-0.27168705450417124,0.0005558809937058441,-19.049001340566544
MGL,01-JUL-2016,04-APR-2022,1426 days,100000.0,34856.88189021101,-65.14311810978899,58.76417451470293,100.0,34569.72405394159,76.56627330824843,1090 days,82,82,0,0.0,52.4390243902439,6.771176886246906,-26.769214099210814,1.6044145254813906,-4.114128134731782,3 days 03:20:55.813953488,13 days 19:04:36.923076923,0.4508344582857936,-794.428269631573,-94.73946431007498,-0.3088028335679029,0.0009993937353468328,-19.02020211991781
M&MFIN,01-JAN-2016,04-APR-2022,1549 days,100000.0,34649.896310590484,-65.35010368940951,-31.666666666666508,100.0,38309.384553279895,74.02931606898866,1351 days,102,102,0,0.0,68.62745098039215,8.834108714063895,-53.648835942327445,2.0789308058890126,-6.655452675295025,3 days 12:41:08.571428571,14 days 13:30:00,0.5956799631661227,-640.6872910726422,-62.26810871807753,-0.2985308732188197,0.0010591805525064293,-18.91094317411278
M&M,01-JAN-2016,04-APR-2022,1549 days,100000.0,40711.60156579017,-59.288398434209824,31.774858931197315,100.0,37261.86340372394,73.77231079778424,1399 days,107,107,0,0.0,56.074766355140184,7.9303691986625156,-28.609384704400988,1.363145509102707,-3.387183468797614,3 days 10:48:00,10 days 18:53:37.021276595,0.45564746000257145,-554.0971816281292,-93.53302667231803,-0.2586848371080028,0.001717738456652809,-19.018243014583124
MANAPPURAM,01-JAN-2016,04-APR-2022,1549 days,100000.0,34664.210974213,-65.33578902578701,311.1298482293402,100.0,32420.291928853207,76.47787942759012,1337 days,82,82,0,0.0,65.85365853658537,10.689518514785112,-35.61040728605687,2.5273526569338833,-7.619333713243878,2 days 14:40:00,17 days 16:17:08.571428571,0.6137511031351901,-796.7779149486216,-64.71223471967991,-0.28887378203957464,0.0032464970808507108,-18.925976265012565
MRPL,01-JAN-2016,04-APR-2022,1549 days,100000.0,19124.40630818135,-80.87559369181865,-36.18564176939795,100.0,29834.312343497368,85.82298716367973,1123 days,92,92,0,0.0,53.2608695652174,11.294633968438578,-37.446162137030306,2.137132655596643,-5.654625623839855,3 days 15:40:24.489795918,16 days 08:22:19.534883720,0.4384131075383923,-879.0825401284629,-72.35614700408792,-0.3761241195994439,0.002089999944105454,-18.959742554578426
MARICO,01-JAN-2016,04-APR-2022,1549 days,100000.0,55911.87231758023,-44.08812768241977,133.37001981069875,100.0,46366.8718587854,51.13600311394508,1373 days,114,114,0,0.0,47.368421052631575,5.862317722642577,-19.469579770591267,1.1252977224172904,-1.8913694743968934,2 days 16:00:00,8 days 03:36:00,0.5265109707149498,-386.7379621264895,-133.60704684043068,-0.2503662645896696,0.00014685726505619725,-19.062396516174513
MARUTI,01-JAN-2016,04-APR-2022,1549 days,100000.0,40536.81537633838,-59.46318462366161,67.61453055944887,100.0,28050.356050833772,68.69036962443197,1530 days,86,86,0,0.0,51.162790697674424,6.475087478476923,-25.16254017008352,1.7701008936372502,-3.7141576303262758,3 days 01:05:27.272727272,12 days 05:42:51.428571428,0.42493138414076315,-691.4323793449025,-91.61303862321947,-0.2790168676373205,0.0018659063608122831,-19.014553906067807
MFSL,26-FEB-2016,04-APR-2022,1510 days,100000.0,70592.07582242896,-29.407924177571036,141.89850198716042,100.0,58553.292911659635,58.4185292178969,1120 days,106,106,0,0.0,60.37735849056604,10.228556917201841,-24.800571655538555,2.1189173584411534,-3.7151596135297673,2 days 19:07:30,11 days 21:42:51.428571428,0.8308722586978163,-277.43324695821707,-69.99589194654124,-0.13819998783505114,0.0031988637901714913,-18.952641442771853
MINDTREE,01-JAN-2016,04-APR-2022,1549 days,100000.0,41303.540193712135,-58.69645980628786,498.76243461853403,100.0,20273.00737751986,69.04925393290941,1523 days,74,74,0,0.0,50.0,7.188409864669971,-24.856038806679532,2.090699898115501,-4.09146054965725,2 days 20:45:24.324324324,13 days 05:50:16.216216216,0.37862779595868257,-793.1954027876743,-87.59691573393572,-0.27238641390389257,0.0012572440754910577,-19.006272757760293
MOTHERSUMI,01-JAN-2016,04-APR-2022,1549 days,100000.0,35963.32952827987,-64.03667047172013,8.484848484848296,100.0,43416.298389972224,81.32303141350413,1041 days,97,97,0,0.0,69.0721649484536,8.882832511481507,-50.05941768712545,2.0944329327413898,-6.960852148738368,3 days 04:17:54.626865671,16 days 02:24:00,0.6513179003811942,-660.1718605331967,-67.63537491638395,-0.2633214291703491,0.00215778911986555,-18.940266938339576
MPHASIS,01-JAN-2016,04-APR-2022,1549 days,100000.0,91498.89274676409,-8.501107253235912,567.3617407071658,100.0,51664.98999803833,48.52361992484255,878 days,108,108,0,0.0,59.25925925925925,7.7183831431969105,-19.66382732633868,1.5143861961348946,-2.277024009767771,2 days 19:07:30,9 days 10:54:32.727272727,0.9147208910836256,-78.71395604848033,-107.92950101100729,-0.042694804842780626,0.0001654560961507532,-19.040181219076764
MUTHOOTFIN,01-JAN-2016,04-APR-2022,1549 days,100000.0,123490.1607775233,23.4901607775233,662.1258741258684,100.0,56603.55956589804,39.08611357879917,684 days,96,96,0,0.0,67.70833333333334,15.801316967815978,-21.066480915673292,2.3583956791116485,-3.8961394693466085,3 days 12:33:13.846153846,12 days 07:44:30.967741935,1.1532270065306514,244.68917476586785,-78.54628347481103,0.13041398412647562,0.0035004420755919657,-18.98380051061188
NATCOPHARM,01-JAN-2016,04-APR-2022,1549 days,100000.0,26553.622435973433,-73.44637756402656,38.324080499653256,100.0,24295.637684376758,75.05449828964656,1530 days,94,93,1,-1707.7521881048815,43.01075268817204,13.913756790475883,-22.40003058548145,1.7461305340603959,-3.474629046196584,2 days 18:36:00,11 days 08:36:13.584905660,0.33998836895821033,-771.3830685582981,-90.61262961842804,-0.3575412863531664,0.0011672267667461355,-19.01218944371659
NBCC,01-JAN-2016,04-APR-2022,1549 days,100000.0,4779.944335933076,-95.22005566406693,-70.72223467025186,100.0,14166.143321019003,95.77817536596608,1528 days,79,79,0,0.0,53.16455696202531,7.258578237949445,-66.44347373923269,1.9945112227896022,-8.27032701347865,3 days 21:08:34.285714285,18 days 00:00:00,0.1278780919248215,-1205.3171603046442,-57.526101493950875,-0.5340934196462729,0.002046649134354834,-18.874221457230394
NHPC,01-JAN-2016,04-APR-2022,1549 days,100000.0,61984.125686511536,-38.01587431348846,34.43396226415103,100.0,46930.55296647104,60.28205722695736,1226 days,115,115,0,0.0,51.30434782608696,15.362794935737591,-10.253195137157093,1.259313658345036,-2.098401363931729,2 days 23:35:35.593220339,10 days 04:17:08.571428571,0.6081091864785391,-330.57282011729114,-110.65246326418524,-0.17680849131886,0.0007712437815044032,-19.043077127663718
NMDC,01-JAN-2016,04-APR-2022,1549 days,100000.0,53621.973508824274,-46.37802649117573,86.57534246575412,100.0,40140.70595453106,75.02927575424458,1257 days,96,96,0,0.0,62.5,12.223627720471564,-36.44767375454492,2.548013685683032,-5.365399932726735,3 days 07:12:00,14 days 22:00:00,0.7288619952060127,-483.1044426164144,-77.28655409173821,-0.18203205188763427,0.000670754352184649,-18.978714090174392
NTPC,01-JAN-2016,04-APR-2022,1549 days,100000.0,39847.781797549644,-60.152218202450356,19.83059292476359,100.0,42312.96101360509,63.38495413052907,1272 days,120,120,0,0.0,57.49999999999999,4.165600801537948,-23.542881925620716,0.9999081776594363,-3.0027906806373763,2 days 06:15:39.130434782,11 days 19:17:38.823529411,0.4407030268251848,-501.26848502041963,-119.16889526604277,-0.30751240204172064,0.0,-19.051335545904557
NATIONALUM,01-JAN-2016,04-APR-2022,1549 days,100000.0,54408.541667890466,-45.59145833210954,212.919254658384,100.0,32384.894178648574,71.4552908989044,1276 days,92,92,0,0.0,64.13043478260869,9.014552903455687,-30.48639744569212,2.004547193400099,-4.974181151997924,3 days 08:56:56.949152542,16 days 02:54:32.727272727,0.6094848157545291,-495.55932969684284,-75.36264715727064,-0.18698336650031697,0.001293629435951669,-18.97228430033264
NESTLEIND,01-JAN-2016,04-APR-2022,1549 days,100000.0,59024.79523813505,-40.97520476186495,208.03263528171345,100.0,33465.15351382568,43.03445164315852,1530 days,90,90,0,0.0,45.55555555555556,11.710787101919152,-11.5995936790914,1.3060739018304628,-2.089153450157876,2 days 16:58:32.195121951,9 days 14:12:14.693877551,0.4859200528276825,-455.28005290961056,-143.45989519844932,-0.271465048190647,0.0005572945768282303,-19.068043184825296
NAM-INDIA,06-NOV-2017,04-APR-2022,1093 days,100000.0,35505.73630744778,-64.49426369255221,22.028832630098382,100.0,17074.364690110026,69.68657848962711,1035 days,61,61,0,0.0,57.377049180327866,8.157860066814106,-31.45727650033437,1.975160472752716,-5.915845582627354,2 days 10:58:17.142857142,15 days 11:04:36.923076923,0.3847987204183629,-1057.2830113533148,-69.09639448818575,-0.4195055648715348,0.003795567841895023,-18.94635977109907
OBEROIRLTY,01-JAN-2016,04-APR-2022,1549 days,100000.0,158843.27617578272,58.84327617578274,259.5224977043157,100.0,79735.8217737656,46.39014505229233,566 days,131,131,0,0.0,65.64885496183206,13.702417911203959,-30.142863215894806,2.0959543182089777,-2.6945569310073445,3 days 05:51:37.674418604,8 days 10:40:00,1.377613146768198,449.18531431895167,-75.04244435024158,0.2483436088562991,0.0033232400963799373,-18.972652144522854
ONGC,01-JAN-2016,04-APR-2022,1549 days,100000.0,28871.183012414374,-71.12881698758564,3.946310385353047,100.0,32458.354938568562,78.71821946765331,1344 days,94,93,1,-653.8869826782502,49.46236559139785,14.101467222355113,-42.93905508505961,1.6174027805081779,-3.700504672042965,3 days 01:33:54.782608695,13 days 06:38:17.872340425,0.3694973969013926,-757.7949462893267,-81.6882793662187,-0.32239215931955173,0.002223160217018711,-18.99146329410687
OIL,01-JAN-2016,04-APR-2022,1549 days,100000.0,42738.06214135606,-57.26193785864394,21.909217087338064,100.0,36136.18052804117,71.80025866672912,1528 days,111,111,0,0.0,52.25225225225225,7.436863659577504,-29.34969682266564,1.3317922202752697,-2.849772823407356,2 days 16:57:55.862068965,10 days 21:44:09.056603773,0.4295662336866488,-515.8733140418371,-84.45591647888415,-0.2528160036642258,0.0013593360948082481,-18.998846736291398
OFSS,01-JAN-2016,04-APR-2022,1549 days,100000.0,34804.26060574191,-65.19573939425808,-3.495758532254778,100.0,33662.24661241989,71.87144968642973,1527 days,107,107,0,0.0,51.4018691588785,5.54547130102757,-29.136329162611208,1.077696288144811,-2.980442291279573,2 days 11:20:43.636363636,12 days 03:13:50.769230769,0.3340024461978001,-609.3059756472717,-108.1729524676866,-0.3063580845704458,0.00011584864163412586,-19.039864175195255
PIIND,01-JAN-2016,04-APR-2022,1549 days,100000.0,111019.28445140836,11.019284451408355,331.8555379627521,100.0,55214.55093850557,33.94336813526175,358 days,103,103,0,0.0,63.10679611650486,11.080502104902818,-14.625194260725,1.836977453735445,-2.695912958702201,3 days 00:44:18.461538461,10 days 17:41:03.157894736,1.0949526852735356,106.98334418843046,-95.90917148933252,0.0734687590997079,0.0018708620729796044,-19.023212583790624
PNBHOUSING,07-NOV-2016,04-APR-2022,1278 days,100000.0,7648.515566496935,-92.35148443350306,-54.14352241485704,100.0,17646.534696280203,93.70192385763337,1059 days,69,69,0,0.0,47.82608695652174,5.158992718994384,-60.26116512189231,1.7987997815288783,-7.393743511377162,2 days 21:05:27.272727272,16 days 23:20:00,0.26699001947031237,-1338.4273106304793,-61.509048937010654,-0.555062584699084,0.004135303361374979,-18.902455956329806
PAGEIND,01-JAN-2016,04-APR-2022,1549 days,100000.0,64580.9942973228,-35.4190057026772,223.55194350997718,100.0,36550.76219185943,62.27854836146967,1527 days,105,105,0,0.0,58.0952380952381,7.025079394167542,-27.672119549235596,1.7222753716778751,-3.1387206441965874,2 days 18:05:54.098360655,10 days 07:05:27.272727272,0.6546938019702708,-337.3238638350209,-95.82623502966165,-0.1571997368102511,2.857581193403394e-05,-19.022639956227017
PETRONET,01-JAN-2016,04-APR-2022,1549 days,100000.0,80116.59743781544,-19.883402562184564,53.127413127413845,100.0,74051.92579813275,45.94596412560221,545 days,120,119,1,-6248.05602360754,53.78151260504202,4.737442982894398,-19.64131051924652,1.341405351761619,-1.737281051161344,3 days 03:45:00,8 days 20:30:32.727272727,0.8850558671050103,-114.58274402165682,-105.78188543815698,-0.11077474174742319,0.00027331650108137703,-19.037453324567306
PFIZER,01-JAN-2016,04-APR-2022,1549 days,100000.0,29912.17805746138,-70.08782194253862,85.30405051077202,100.0,23789.023181608725,72.1772921331822,1528 days,91,91,0,0.0,42.857142857142854,4.738444320212277,-22.30156302926305,0.9935734091186381,-2.9129472012140982,2 days 20:18:27.692307692,11 days 12:55:23.076923076,0.20289750997192427,-770.1958455224026,-133.87020250288404,-0.342942890680143,0.0,-19.062305681650827
PIDILITIND,01-JAN-2016,04-APR-2022,1549 days,100000.0,70499.72686855528,-29.500273131444715,349.15391539153904,100.0,37528.1751713132,41.38300388539138,1476 days,90,90,0,0.0,50.0,5.491473638561123,-11.495322492524355,1.3421680789043993,-2.0392382744885973,2 days 22:23:59.999999999,9 days 16:00:00,0.6225923523188656,-327.78081257160704,-124.98252353959367,-0.19106421948279287,0.0001134428838512803,-19.05645633947093
PEL,01-JAN-2016,04-APR-2022,1549 days,100000.0,30199.29945133871,-69.80070054866128,123.83168316831564,100.0,32908.19899424702,83.35951036870955,1359 days,101,101,0,0.0,57.42574257425742,6.48183542985402,-36.54974551333444,1.9433308322690805,-4.883025611079747,2 days 14:28:57.931034482,11 days 20:05:34.883720930,0.48263697685975926,-691.0960450362509,-66.84215405278337,-0.29490472922667504,0.0024214939928359166,-18.936594117624235
PFC,01-JAN-2016,04-APR-2022,1549 days,100000.0,58003.75754745497,-41.99624245254503,17.53086419753094,100.0,39643.38100281674,54.75674852017618,1210 days,103,103,0,0.0,65.0485436893204,5.516898929147711,-28.10738159765873,1.8039657844858614,-4.479109341070375,2 days 21:29:33.134328358,15 days 00:40:00,0.6785359542425303,-407.7305092480101,-77.69291314216125,-0.2199682982075113,0.0014309436744735131,-18.980107248012985
POWERGRID,01-JAN-2016,04-APR-2022,1549 days,100000.0,52417.30999263712,-47.58269000736288,61.2765957446809,100.0,43929.139787493434,54.951501131328094,1514 days,113,113,0,0.0,48.67256637168141,5.000252954873685,-24.09292154022964,1.0900461193467537,-2.0347030717116508,2 days 21:22:54.545454545,9 days 10:45:31.034482758,0.46939642692725936,-421.0857522775471,-106.4937458019376,-0.2569317539897024,0.0,-19.038077443133098
PRESTIGE,01-JAN-2016,04-APR-2022,1549 days,100000.0,78340.84219198072,-21.659157808019287,158.44455852155988,100.0,53440.241456222,63.723517036402576,525 days,108,108,0,0.0,72.22222222222221,7.984136077796341,-57.514200771636325,2.3453243086255706,-5.609345955326934,3 days 05:13:50.769230769,14 days 20:00:00,0.8942852437788016,-200.54775748166026,-64.54258046628333,-0.08771648837140185,0.0022194163512903415,-18.92554138691231
PGHH,01-JAN-2016,04-APR-2022,1549 days,100000.0,71527.39552293603,-28.472604477063975,155.33038861375138,100.0,45805.99728400831,38.653874128435504,1338 days,99,98,1,-5338.183910099426,46.93877551020408,6.488968622046448,-12.570926504732824,1.1459186326691806,-1.4659334187945083,2 days 22:26:05.217391304,8 days 06:27:41.538461538,0.6763612956168837,-236.0655159894344,-156.51367439704555,-0.19641583155009948,0.00013267556643504024,-19.073987086516993
PNB,01-JAN-2016,04-APR-2022,1549 days,100000.0,9482.803661313315,-90.51719633868669,-68.62244897959187,100.0,19117.51859040517,91.96762991197312,1524 days,85,85,0,0.0,56.470588235294116,6.89757849693949,-53.20173996826115,2.0662906182723515,-7.779584969612396,2 days 21:00:00,19 days 01:56:45.405405405,0.3353663361893276,-1064.9081922198434,-68.57139205895525,-0.46318103950133227,0.0007649686723480517,-18.942455649877584
QUESS,12-JUL-2016,04-APR-2022,1420 days,100000.0,15219.181620482908,-84.78081837951709,38.809381832638245,100.0,24798.555374266885,88.39660083154448,1156 days,78,78,0,0.0,57.692307692307686,13.059504613359152,-67.25455592204608,2.4715127966400883,-7.077191691683227,3 days 04:48:00,15 days 13:05:27.272727272,0.37960870421311577,-1086.933568968168,-68.85608107421012,-0.43398964470768275,0.002065575166580149,-18.94424253206392
RBLBANK,31-AUG-2016,04-APR-2022,1385 days,100000.0,13098.757557435514,-86.90124244256448,-52.60521042084173,100.0,29323.54900431567,89.23089184354038,1335 days,94,94,0,0.0,59.57446808510638,13.405237253031919,-59.98532754835857,1.8581471270820331,-6.674412746592022,2 days 18:00:00,13 days 00:37:53.684210526,0.3510158559169685,-924.4813025804738,-55.35719668118478,-0.4647823680344796,0.0029767093315674516,-18.857905567306503
RECLTD,01-JAN-2016,04-APR-2022,1549 days,100000.0,42789.56476752931,-57.210435232470694,15.09467040673167,100.0,35683.05986677928,62.153987850534,1317 days,107,107,0,0.0,57.943925233644855,11.183153051457333,-33.452162405824744,1.9764368157302215,-4.247738023768034,3 days 01:09:40.645161290,12 days 09:36:00,0.5745838409250689,-534.6769647894453,-80.40085170332583,-0.29167917230254253,0.0006908560399745353,-18.98794220102461
RAJESHEXPO,01-JAN-2016,04-APR-2022,1549 days,100000.0,35986.142282809815,-64.01385771719018,0.47159383980517333,100.0,19867.392066081895,71.81099759156042,1514 days,84,83,1,-7477.074256548367,44.57831325301205,15.017284511443108,-29.269951673322424,1.9122351558204564,-3.0633385234463524,4 days 05:50:16.216216216,12 days 13:02:36.521739130,0.35961106734248993,-681.1660657908646,-102.6661169440163,-0.2980372650963739,0.0020182621998462835,-19.032763367498937
RELIANCE,01-JAN-2016,04-APR-2022,1549 days,100000.0,50344.27016826257,-49.655729831737425,424.68090135518645,100.0,38292.38169107823,57.49614341699475,1528 days,104,104,0,0.0,43.269230769230774,10.544976843605262,-23.74737711933184,1.1710371273513234,-1.9532389421717162,2 days 21:20:00,8 days 09:45:45.762711864,0.422243341238332,-477.4589406897826,-101.93729404013125,-0.2596958207755367,0.001687481655725251,-19.031972106322367
SBILIFE,03-OCT-2017,04-APR-2022,1116 days,100000.0,85124.41567070188,-14.875584329298116,59.183096600947515,100.0,40000.65036053976,43.40890008396305,533 days,85,85,0,0.0,55.294117647058826,5.346057910758088,-18.534224985068388,1.5588131900841118,-2.2100846646429457,2 days 09:42:07.659574468,8 days 17:41:03.157894736,0.8174052600126657,-175.0068744623302,-99.75803579743828,-0.11820599357603338,0.0007717503457184586,-19.02913333111603
SRF,01-JAN-2016,04-APR-2022,1549 days,100000.0,68124.61845286458,-31.87538154713542,108.7166495131029,100.0,24377.60585057612,52.734660574885254,1345 days,64,64,0,0.0,60.9375,9.639249154323448,-22.56919543202954,2.1024822293874106,-4.448142534708926,5 days 04:55:23.076923076,14 days 00:00:00,0.6571016615263051,-498.0528366739918,-87.03504284946207,-0.16398124823218718,0.0015389765249094276,-19.005387839484314
SHREECEM,01-JAN-2016,04-APR-2022,1549 days,100000.0,41719.89157676706,-58.28010842323293,117.55120327138786,100.0,36919.7738289034,64.71947989478653,1354 days,97,97,0,0.0,53.608247422680414,5.885983661093871,-24.70759744239703,1.5792078782417878,-3.5416053389103648,2 days 12:55:23.076923076,11 days 18:40:00,0.5145002276769928,-600.8258600333291,-99.97991291276601,-0.28764081569770217,6.874337292592803e-05,-19.028969140615423
SRTRANSFIN,01-JAN-2016,04-APR-2022,1549 days,100000.0,35117.3766018023,-64.88262339819771,36.190366177659314,100.0,28332.501605236284,84.04324413680871,1415 days,95,95,0,0.0,55.78947368421052,13.755887201707239,-31.93965321603956,2.380580972600812,-4.958821392136454,3 days 03:37:21.509433962,13 days 02:17:08.571428571,0.5193493121589282,-682.9749831389228,-58.746740278762324,-0.26002866154797016,0.006045464095115885,-18.887726085956377
SIEMENS,01-JAN-2016,04-APR-2022,1549 days,100000.0,63855.81495048393,-36.14418504951607,101.8542385565222,100.0,38151.695926095366,63.03783217898171,1361 days,101,101,0,0.0,55.44554455445545,10.093600728799242,-24.218546179836043,1.5579688597526036,-2.7626249532422125,3 days 12:00:00,10 days 21:20:00,0.6308881779233199,-357.86321831204054,-103.50219651034159,-0.15910911284797355,0.00032741711016384147,-19.034312075326145
SBIN,01-JAN-2016,04-APR-2022,1549 days,100000.0,30157.822138843796,-69.8421778611562,124.93415276558437,100.0,30637.775090167106,76.47626593015669,1328 days,89,89,0,0.0,51.68539325842697,8.448448406653444,-44.54740407644255,1.9280414392043685,-4.320071506004115,2 days 03:39:07.826086956,13 days 01:40:27.906976744,0.4436615138071217,-784.7435714736649,-85.31377086365542,-0.3217669414669387,0.0016175958984569081,-19.00055105801658
SAIL,01-JAN-2016,04-APR-2022,1549 days,100000.0,47406.895116772335,-52.59310488322766,120.7468879668038,100.0,46282.74609599251,75.68663471637873,1233 days,123,123,0,0.0,67.47967479674797,6.001067043928655,-43.39558237558276,2.0869375033514608,-5.462161460957824,2 days 18:30:21.686746987,12 days 16:12:00,0.6983036519807734,-427.58621856282673,-65.06854714645054,-0.21309009643593776,0.002980416222106794,-18.928087496748955
STRTECH,29-JUN-2016,28-OCT-2020,1073 days,100000.0,26083.101788377986,-73.91689821162201,72.51995438996653,100.0,30743.260226076192,86.32192517071489,616 days,65,64,1,-130.57852832806384,57.8125,9.139040165696269,-41.484185839923605,2.3522442091345246,-7.12287300774834,2 days 14:55:08.108108108,15 days 19:33:20,0.5383526816972728,-1152.9112450514674,-61.03617071847222,-0.4250505068817349,0.0036607310934934217,-18.901539903991072
SUNPHARMA,01-JAN-2016,04-APR-2022,1549 days,100000.0,40876.34192753161,-59.12365807246839,13.54913861811089,100.0,32230.889432943826,66.46585520089023,1499 days,110,110,0,0.0,50.90909090909091,7.566156585071607,-22.500004661244063,1.4547571272059192,-2.9855362058082533,2 days 16:42:51.428571428,10 days 20:26:40,0.4487272111007647,-537.4878006588035,-93.3091397985954,-0.2859625157197383,0.00028184203723378596,-19.017791579599358
SUNTV,01-JAN-2016,04-APR-2022,1549 days,100000.0,43935.99160055353,-56.06400839944647,15.593456317437603,100.0,37837.96966024675,64.49580988954109,1210 days,101,101,0,0.0,55.44554455445545,9.119060938855766,-28.504019998081702,2.1561300104486003,-4.204581171188171,2 days 22:42:51.428571428,13 days 09:36:00,0.6167473587791155,-555.089192073727,-76.66577319634744,-0.27315520285807554,0.002020572574380196,-18.97643679197984
SYNGENE,01-JAN-2016,04-APR-2022,1549 days,100000.0,86856.1224539032,-13.143877546096801,194.2303088340925,100.0,56882.744796277744,42.40154941132326,1304 days,114,114,0,0.0,51.75438596491229,4.690658368277758,-13.427911443364653,1.4868912040034563,-1.7737022125244373,3 days 00:00:00,8 days 18:19:38.181818181,0.8673662868058896,-115.29717145698964,-113.13957001512414,-0.07702527790333114,0.0003117634693497565,-19.045947667486967
TVSMOTOR,01-JAN-2016,04-APR-2022,1549 days,100000.0,42467.853805408646,-57.53214619459135,121.03610675039262,100.0,33548.93174075707,64.52070951925742,1472 days,93,93,0,0.0,50.53763440860215,13.002375341871009,-34.699071577812205,1.7633502737668445,-3.337327819040978,3 days 03:34:28.085106383,10 days 20:20:52.173913043,0.487285020350726,-618.625227898831,-89.78076364398186,-0.283234427682493,0.0009169455152516993,-19.010901554523805
TCS,01-JAN-2016,04-APR-2022,1549 days,100000.0,64458.26271349998,-35.541737286500016,212.06340009932072,100.0,40487.02459673482,45.080919954666854,1431 days,105,105,0,0.0,43.80952380952381,7.033397931235876,-9.358497863258783,1.2738003915540321,-1.6862965951592706,3 days 04:10:26.086956521,7 days 18:42:42.711864406,0.5471684295648063,-338.4927360619046,-130.61096828475942,-0.2180655938290671,0.00028179884358359755,-19.06049089224046
TATACONSUM,01-JAN-2016,04-APR-2022,1549 days,100000.0,58000.10257891714,-41.99989742108286,438.31967213114575,100.0,31483.174245552287,51.11259586708622,1530 days,84,84,0,0.0,53.57142857142857,6.625802774689804,-23.567322753999385,1.7483520833425137,-3.1840628804932782,3 days 00:32:00,10 days 17:13:50.769230769,0.5856226323770247,-499.99877882241356,-93.36749897409909,-0.23567683419405713,0.0010650855343098634,-19.0181930835329
TATAMTRDVR,01-JAN-2016,04-APR-2022,1549 days,100000.0,11223.866992309238,-88.77613300769076,-27.05664194200954,100.0,17555.368018708028,92.75625042904946,1530 days,92,92,0,0.0,50.0,14.438564743664129,-50.7928950629561,2.3857737382830897,-6.219412348339054,3 days 09:23:28.695652173,14 days 17:44:20.869565217,0.23504196242712708,-964.9579674749002,-68.77604557538685,-0.43416796504330424,0.0018461499594444335,-18.943657753351157
TATAMOTORS,01-JAN-2016,04-APR-2022,1549 days,100000.0,20373.828235823734,-79.62617176417626,11.159492411046458,100.0,25307.79186691955,88.03431338612681,1337 days,96,96,0,0.0,63.541666666666664,15.316364439708794,-55.604413623475544,2.3110020945979,-7.267932454768084,3 days 09:50:09.836065573,15 days 19:53:08.571428571,0.4143573985058381,-829.4392892101692,-68.88646392490979,-0.3551190445134745,0.0018416814248286956,-18.94509056111967
TATAPOWER,01-JAN-2016,04-APR-2022,1549 days,100000.0,31522.653975986424,-68.47734602401357,265.40971718636393,100.0,26865.482534339764,76.97741074563946,1528 days,85,85,0,0.0,43.529411764705884,11.373094437818478,-37.89688429528586,1.8474913567599605,-3.4798769233059863,3 days 01:56:45.405405405,11 days 19:30:00,0.3437169181366716,-805.6158355766288,-87.47282021896027,-0.30940369062604145,0.0012282471570543199,-19.005635081880158
TATASTEEL,01-JAN-2016,04-APR-2022,1549 days,100000.0,53149.25940133602,-46.85074059866398,421.32867132867443,100.0,41438.64509626968,68.8123188350567,1242 days,90,90,0,0.0,68.88888888888889,8.359840429600846,-34.64450417725401,1.7660176098205818,-5.520423234167062,2 days 19:44:30.967741935,15 days 07:42:51.428571428,0.6750492790734024,-520.5637844295995,-81.02154424630784,-0.20109333123516027,0.0016946220193993266,-18.989948051415915
TECHM,01-JAN-2016,04-APR-2022,1549 days,100000.0,66863.1587954474,-33.13684120455261,188.17421401788445,100.0,44445.750747201084,47.41469090384828,759 days,108,108,0,0.0,68.51851851851852,5.669369404134226,-33.435439990817216,1.2147015417302103,-3.475611245659555,3 days 06:48:38.918918918,10 days 09:52:56.470588235,0.6838520166865428,-306.822603745857,-107.00486246305802,-0.19084679446738353,0.0002759549266280673,-19.038863259340015
NIACL,13-NOV-2017,04-APR-2022,1088 days,100000.0,27349.27950147487,-72.65072049852513,-67.89987622060254,100.0,16646.751066600387,82.56204308817338,952 days,66,66,0,0.0,50.0,8.870977527584493,-41.93049331936145,2.612741497854327,-5.6947394668958085,3 days 21:05:27.272727272,16 days 12:21:49.090909091,0.3674412507444393,-1100.7684924018959,-69.78987863902033,-0.4271899876743236,0.0050830057643518915,-18.949768796663612
RAMCOCEM,01-JAN-2016,04-APR-2022,1549 days,100000.0,39390.335402635115,-60.60966459736489,101.78296562339652,100.0,36153.1893755842,65.56637652492701,1337 days,100,100,0,0.0,59.0,6.947713332659052,-32.44309783197958,1.4042875084143223,-3.9432635334112356,2 days 18:42:42.711864406,12 days 20:29:16.097560975,0.47001829358999353,-606.0966459736496,-102.08321232775086,-0.30061752267061087,6.553869275056762e-06,-19.032007307566424
TITAN,01-JAN-2016,04-APR-2022,1549 days,100000.0,57451.95099441023,-42.54804900558977,614.9552620366431,100.0,31236.041583638165,59.241219076884356,1457 days,83,82,1,-445.9037052263957,50.0,14.252955335086574,-22.364699574413585,1.8174184157377544,-2.913370526331528,2 days 17:33:39.512195121,10 days 07:36:35.121951219,0.5718034026117418,-513.4407963458956,-98.17694012281659,-0.20665740421794915,0.001498044419176811,-19.026469366313034
TORNTPHARM,01-JAN-2016,04-APR-2022,1549 days,100000.0,63379.49590117438,-36.62050409882562,91.40239367097163,100.0,35502.557355644465,46.188819368583154,1529 days,105,105,0,0.0,53.333333333333336,5.101653539507796,-17.816348666963506,1.5064225332002152,-2.5057874889185365,3 days 04:42:51.428571428,9 days 18:07:20.816326530,0.5958805845001002,-348.766705703101,-115.27515905918779,-0.2205833542497349,0.0002578653196642653,-19.047927845456453
TORNTPOWER,01-JAN-2016,04-APR-2022,1549 days,100000.0,81651.02795495247,-18.348972045047528,181.6320885200561,100.0,43265.18014895393,49.88753881918544,1470 days,108,108,0,0.0,56.481481481481474,12.076367807156107,-26.617215382203163,1.9997358288576301,-2.810621264696724,2 days 15:44:15.737704918,11 days 17:52:20.425531914,0.8398464203043617,-169.89788930599536,-91.14545811394372,-0.09349872940456912,0.0010657286158556672,-19.014248717110203
UPL,01-JAN-2016,04-APR-2022,1549 days,100000.0,44923.2556213414,-55.0767443786586,167.17648261061998,100.0,36404.49050314978,69.84516426019688,1153 days,102,102,0,0.0,52.94117647058824,8.207421054312574,-38.81632525906915,1.6279792592099218,-3.1633553028853885,2 days 13:46:40,9 days 19:00:00,0.4977354399654381,-539.9680821437111,-83.8176194142761,-0.2460422157720782,0.0012689480671459253,-18.997243647395585
ULTRACEMCO,01-JAN-2016,04-APR-2022,1549 days,100000.0,52483.41002707409,-47.51658997292591,138.8066572237965,100.0,39117.59688480703,58.09229094884149,1337 days,99,99,0,0.0,53.535353535353536,6.769796717554291,-22.560004597706072,1.3951613324391936,-2.832156943823458,2 days 08:36:13.584905660,11 days 00:00:00,0.5282129611357299,-479.965555282081,-104.86471792843355,-0.242601530384084,0.0008862941750099131,-19.03599261739543
UNIONBANK,01-JAN-2016,04-APR-2022,1549 days,100000.0,7573.299302561398,-92.4267006974386,-72.16666666666653,100.0,19909.198727955492,93.59798077561763,1345 days,76,76,0,0.0,55.26315789473685,4.72014111692702,-49.37686249201116,1.858781641395536,-8.705980466469057,3 days 08:00:00,21 days 20:28:14.117647058,0.32077054337951805,-1216.1407986505096,-67.52986992179741,-0.4867609891964037,0.0015600508936025313,-18.937127569874566
UBL,01-JAN-2016,04-APR-2022,1549 days,100000.0,55609.89734134999,-44.39010265865001,61.439016636643,100.0,39166.23950958418,52.60018942550704,1029 days,96,96,0,0.0,53.125,6.255050698835484,-26.31198402474476,1.4534505595833955,-2.780379677984616,4 days 08:00:00,11 days 06:24:00,0.5724830458929673,-462.3969026942709,-106.65158066576343,-0.24551111821095892,0.0001136457661154051,-19.038307429587512
MCDOWELL-N,01-JAN-2016,04-APR-2022,1549 days,100000.0,50534.32244344351,-49.46567755655649,-69.8023584122238,100.0,32491.744398332252,63.71731586336805,1524 days,107,107,0,0.0,56.074766355140184,11.537946528458622,-21.506216064902755,1.761952867827555,-3.4477669546719563,3 days 07:36:00,12 days 16:20:25.531914893,0.5461850051838925,-462.29605193043415,-90.33482728123731,-0.23315397453379927,0.000810207088042988,-19.012197467328022
VGUARD,01-JAN-2016,04-APR-2022,1549 days,100000.0,44915.47864225938,-55.08452135774061,232.0673220137014,100.0,29573.469110789552,62.23154536656538,1526 days,87,87,0,0.0,57.47126436781609,5.874980310240258,-25.715901829750788,1.4986299667096594,-3.9077180924199153,2 days 20:09:36,15 days 05:50:16.216216216,0.4704824909644197,-633.1554179050651,-104.31348339290358,-0.27619814582705937,0.000451434019414615,-19.03516124725887
VARROC,06-JUL-2018,04-APR-2022,926 days,100000.0,13283.656020968323,-86.71634397903168,-63.91285487058389,100.0,8590.777163968776,89.29481637346744,878 days,50,50,0,0.0,52.0,13.035060443879878,-65.68654998437327,2.3594210011984127,-8.79253855554678,2 days 11:04:36.923076923,19 days 16:00:00,0.1927471715912982,-1734.3268795806337,-61.308322389539114,-0.6145114771606413,0.003363785995140733,-18.901451615987064
VBL,08-NOV-2016,04-APR-2022,1340 days,100000.0,145201.655946253,45.20165594625301,210.8575718995846,100.0,56465.82858700745,32.78736358765322,629 days,110,110,0,0.0,60.0,9.704385099445075,-23.62626438178602,1.9578318929216003,-1.930762497467811,3 days 03:38:10.909090909,7 days 21:49:05.454545454,1.501454091149181,410.92414496593733,-97.48044753093382,0.32612368552726684,0.00024381985401801176,-19.02606874129531
VEDL,01-JAN-2016,04-APR-2022,1549 days,100000.0,73166.91389500648,-26.83308610499352,359.84724495362804,100.0,55978.3218213012,68.95508290756975,1088 days,102,102,0,0.0,74.50980392156863,6.909689320170327,-50.72049044056525,2.058965537092731,-6.113036757347938,3 days 01:53:41.052631578,14 days 14:46:09.230769230,0.866049848559094,-263.0694716175849,-69.7704970296792,-0.10292845179715321,0.0017786901268842597,-18.951178609610803
IDEA,01-JAN-2016,04-APR-2022,1549 days,100000.0,3830.073406501673,-96.16992659349832,-92.84217877094972,100.0,17541.01903196444,97.8875018099908,1414 days,89,89,0,0.0,53.93258426966292,28.935785536159603,-59.04409103594803,3.8134798700832424,-10.107376437571968,3 days 10:30:00,19 days 13:27:48.292682927,0.2833836504290237,-1080.5609729606558,-37.369061443594305,-0.5479658294988777,0.019087635665146537,-18.595814544754543
VOLTAS,01-JAN-2016,04-APR-2022,1549 days,100000.0,66273.52607303039,-33.72647392696961,299.92169146437095,100.0,36102.219400086324,52.494035580218615,1530 days,95,95,0,0.0,64.21052631578948,6.768204458667418,-30.398743725477395,1.650650431127903,-3.797690334793303,2 days 08:39:20.655737704,13 days 00:00:00,0.6892385829958768,-355.0155150207331,-100.57722860519401,-0.17599283710576288,0.00012441504803005547,-19.030199665467144
WHIRLPOOL,01-JAN-2016,04-APR-2022,1549 days,100000.0,46035.05204266763,-53.96494795733236,151.25759556957252,100.0,41757.88692991892,62.23564626090873,1341 days,100,100,0,0.0,42.0,9.640597057343953,-19.096232224811608,1.6154829113484221,-2.3756801441892574,2 days 15:25:42.857142857,9 days 05:47:35.172413793,0.5156848252506422,-539.6494795733242,-95.01333881780134,-0.26843793272248756,0.000758449318733296,-19.020961744430743
WIPRO,01-JAN-2016,04-APR-2022,1549 days,100000.0,44499.257912612185,-55.50074208738781,190.21900608616545,100.0,36012.47577114868,59.813714890328825,1524 days,103,103,0,0.0,49.51456310679612,4.481471920642079,-20.303376233862515,0.9923235646275208,-2.4019506055802187,2 days 14:35:17.647058823,10 days 07:23:04.615384615,0.37730042116770596,-538.8421561882307,-130.86290771298556,-0.2903967344639367,0.0003042800208923687,-19.06050146664276
ZEEL,01-JAN-2016,04-APR-2022,1549 days,100000.0,16679.11666770943,-83.32088333229058,-30.06468006468024,100.0,34163.361759445484,86.87487163039116,1358 days,108,108,0,0.0,56.481481481481474,4.86901610129926,-36.96429276378653,1.4991313320793183,-5.1860743654152,2 days 19:16:43.278688524,13 days 07:08:56.170212766,0.3646211362310314,-771.489660484172,-57.025821567157884,-0.3962982468635316,0.0045401576729211445,-18.874869612357433
